ID,Type,SKU,Name,Published,Short description,Description,In stock?,Regular price,Categories,Tags
,simple,SRV-CTM-0001,Gestión de la Experiencia del Cliente (CX),1,Servicios de consultoría y ejecución de programas de gestión de la experiencia del cliente.,Servicios de consultoría y ejecución de programas de gestión de la experiencia del cliente.,1,55000,Servicios > Soporte,"servicio,clientum"
,simple,SRV-CTM-0002,Systems Maintenance,1,Mantenimiento de sistemas it.,Mantenimiento de sistemas it.,1,400000,Servicios > Soporte,"servicio,clientum"
,simple,SRV-CTM-0003,Servicios de monitoreo y gestión de infraestructura IT,1,Monitoreo y gestión de infraestructura it.,Monitoreo y gestión de infraestructura it.,1,400000,Servicios > Soporte,"servicio,clientum"
,simple,SRV-CTM-0004,Servicios de auditoría y cumplimiento normativo,1,Servicios de consultoría y auditoría para garantizar el cumplimiento de requisitos legales y normativos.,Servicios de consultoría y auditoría para garantizar el cumplimiento de requisitos legales y normativos.,1,85000,Servicios > Soporte,"servicio,clientum"
,simple,SRV-CTM-0005,IT Support Package,1,Soporte técnico it.,Soporte técnico it.,1,85000,Servicios > Soporte,"servicio,clientum"
,simple,SRV-CTM-0006,Desarrollo de chatbots,1,"Servicio de desarrollo de chatbot de soporte al cliente para ecommerce: mejora la experiencia del cliente, reduce costos y aumenta las ventas con nuestra solución innovadora.","Servicio de desarrollo de chatbot de soporte al cliente para ecommerce: mejora la experiencia del cliente, reduce costos y aumenta las ventas con nuestra solución innovadora.",1,375000,Servicios > Soporte,"servicio,clientum"
,simple,SRV-CTM-0007,Automatización de Servicio al Cliente,1,Automatización del servicio al cliente.,Automatización del servicio al cliente.,1,375000,Servicios > Soporte,"servicio,clientum"
,simple,SRV-CTM-0008,Montaje de eventos,1,Servicio integral de montaje y producción técnica de eventos corporativos o sociales.,Servicio integral de montaje y producción técnica de eventos corporativos o sociales.,1,50000,Servicios > Soporte,"servicio,clientum"
,simple,SRV-CTM-0009,Soporte Técnico Continuo,1,Soporte post-implementación: el aliado indispensable para el éxito de tus proyectos tecnológicos.,Soporte post-implementación: el aliado indispensable para el éxito de tus proyectos tecnológicos.,1,350000,Servicios > Soporte,"servicio,clientum"
,simple,SRV-CTM-0010,Soporte Remoto,1,Soporte técnico a distancia.,Soporte técnico a distancia.,1,350000,Servicios > Soporte,"servicio,clientum"
,simple,SRV-CTM-0011,Mantenimiento preventivo,1,Servicios de mantenimiento y soporte técnico para infraestructura y sistemas informáticos.,Servicios de mantenimiento y soporte técnico para infraestructura y sistemas informáticos.,1,80000,Servicios > Soporte,"servicio,clientum"
,simple,SRV-CTM-0012,Soporte Técnico 24/7,1,Soporte técnico especializado.,Soporte técnico especializado.,1,80000,Servicios > Soporte,"servicio,clientum"
,simple,SRV-CTM-0013,Asistencia técnica remota,1,$150 por incidente: protección integral para tu tranquilidad.,$150 por incidente: protección integral para tu tranquilidad.,1,295000,Servicios > Soporte,"servicio,clientum"
,simple,SRV-CTM-0014,Generación de Respuestas con IA,1,Solución de generación de respuestas con ia.,Solución de generación de respuestas con ia.,1,50000,Servicios > Soporte,"servicio,clientum"
,simple,SRV-CTM-0015,Diseño de interiores,1,Servicio de diseño integral de interiores.,Servicio de diseño integral de interiores.,1,320000,Servicios > Soporte,"servicio,clientum"
,simple,SRV-CTM-0016,Servicios de Asistencia Virtual Ecommerce,1,Soluciones de asistencia virtual para ecommerce.,Soluciones de asistencia virtual para ecommerce.,1,320000,Servicios > Soporte,"servicio,clientum"
,simple,SRV-CTM-0017,Servicio de Gestión de Reseñas y Opiniones,1,"Herramienta de gestión de reseñas y feedback para e-commerce que recopila, analiza y responde a las opiniones de los clientes, brindando información valiosa para el crecimiento del negocio.","Herramienta de gestión de reseñas y feedback para e-commerce que recopila, analiza y responde a las opiniones de los clientes, brindando información valiosa para el crecimiento del negocio.",1,295000,Servicios > Soporte,"servicio,clientum"
,simple,SRV-CTM-0018,Instalación de Software,1,Instalación y configuración de software.,Instalación y configuración de software.,1,70000,Servicios > Soporte,"servicio,clientum"
,simple,SRV-CTM-0019,Consultoría legal,1,Servicios de consultoría y asesoría legal para empresas.,Servicios de consultoría y asesoría legal para empresas.,1,70000,Servicios > Soporte,"servicio,clientum"
,simple,SRV-CTM-0020,Chatbot de Atención al Cliente para Ecommerce,1,"Servicio de chatbot de atención al cliente para e-commerce. automatiza las consultas de los clientes 24/7, mejora la experiencia del usuario y aumenta las ventas.","Servicio de chatbot de atención al cliente para e-commerce. automatiza las consultas de los clientes 24/7, mejora la experiencia del usuario y aumenta las ventas.",1,50000,Servicios > Soporte,"servicio,clientum"
,simple,SRV-CTM-0022,Chatbot de Ventas (WhatsApp/Web),1,Chatbots para ecommerce que mejoran la atención al cliente.,Chatbots para ecommerce que mejoran la atención al cliente.,1,50000,Servicios > Soporte,"servicio,clientum"
,simple,SRV-CTM-0023,Translation of Documents,1,Traducción documentos.,Traducción documentos.,1,245000,Servicios > Soporte,"servicio,clientum"
,simple,SRV-CTM-0024,Servicio de traducción,1,Servicios de traducción de contenido a diversos idiomas.,Servicios de traducción de contenido a diversos idiomas.,1,245000,Servicios > Soporte,"servicio,clientum"
,simple,SRV-CTM-0025,Actualización de software,1,Actualización de software y parches de seguridad.,Actualización de software y parches de seguridad.,1,65000,Servicios > Soporte,"servicio,clientum"
,simple,SRV-CTM-0026,Alquiler de equipo audiovisual,1,Alquiler de equipos audiovisuales profesionales para proyectos de producción de contenido.,Alquiler de equipos audiovisuales profesionales para proyectos de producción de contenido.,1,65000,Servicios > Soporte,"servicio,clientum"
,simple,SRV-CTM-0027,Enrutamiento Inteligente de Tickets,1,Solución de enrutamiento inteligente de tickets con ia.,Solución de enrutamiento inteligente de tickets con ia.,1,50000,Servicios > Soporte,"servicio,clientum"
,simple,SRV-CTM-0028,Traducción e interpretación,1,Servicios de interpretación en vivo para eventos y reuniones multilinguës.,Servicios de interpretación en vivo para eventos y reuniones multilinguës.,1,220000,Servicios > Soporte,"servicio,clientum"
,simple,SRV-CTM-0029,Personalización,1,Servicio de asesoría integral de imagen personal.,Servicio de asesoría integral de imagen personal.,1,60000,Servicios > Soporte,"servicio,clientum"
,simple,SRV-CTM-0030,Plataforma de Chatbots y Asistentes Virtuales,1,Chatbots y asistentes virtuales.,Chatbots y asistentes virtuales.,1,190000,Servicios > Soporte,"servicio,clientum"
,simple,SRV-CTM-0031,Optimización de Estrategias de Servicio al Cliente,1,Optimización de servicio.,Optimización de servicio.,1,190000,Servicios > Soporte,"servicio,clientum"
,simple,SRV-CTM-0032,Transcripción de audio,1,Servicio de transcripción profesional de audio.,Servicio de transcripción profesional de audio.,1,50000,Servicios > Soporte,"servicio,clientum"
,simple,SRV-CTM-0033,Soporte a Usuarios Finales,1,Soporte técnico para usuarios finales.,Soporte técnico para usuarios finales.,1,145000,Servicios > Soporte,"servicio,clientum"
,simple,SRV-CTM-0034,Respaldo y recuperación,1,Servicios de respaldo y recuperación de información.,Servicios de respaldo y recuperación de información.,1,50000,Servicios > Soporte,"servicio,clientum"
,simple,SRV-CTM-0035,Gestión de redes,1,Gestión y mantenimiento de redes.,Gestión y mantenimiento de redes.,1,160000,Servicios > Soporte,"servicio,clientum"
,simple,SRV-CTM-0036,Soporte básico anual,1,"Soporte técnico inicial: tu aliado tecnológico para un funcionamiento óptimo. atención personalizada, diagnóstico remoto, soporte telefónico y por correo electrónico, base de conocimientos integral. minimiza el tiempo de.","Soporte técnico inicial: tu aliado tecnológico para un funcionamiento óptimo. atención personalizada, diagnóstico remoto, soporte telefónico y por correo electrónico, base de conocimientos integral. minimiza el tiempo de.",1,165000,Servicios > Soporte,"servicio,clientum"
,simple,SRV-CTM-0037,Valor Hora - Cliente D,1,Valor hora cliente d.,Valor hora cliente d.,1,170000,Servicios > Soporte,"servicio,clientum"
,simple,SRV-CTM-0038,**Soporte Técnico**,1,Soporte técnico para usuarios finales.,Soporte técnico para usuarios finales.,1,115000,Servicios > Soporte,"servicio,clientum"
,simple,SRV-CTM-0039,Servicio de catering,1,Servicio de catering para eventos y reuniones.,Servicio de catering para eventos y reuniones.,1,120000,Servicios > Soporte,"servicio,clientum"
,simple,SRV-CTM-0040,Soporte Integral: Tu solución completa para todas tus necesidades,1,"Soporte integral: tu aliado para un negocio sin preocupaciones. atención personalizada, soporte técnico 24/7, gestión de proyectos, capacitación y auditorías para garantizar el éxito y la tranquilidad de tu negocio.","Soporte integral: tu aliado para un negocio sin preocupaciones. atención personalizada, soporte técnico 24/7, gestión de proyectos, capacitación y auditorías para garantizar el éxito y la tranquilidad de tu negocio.",1,55000,Servicios > Soporte,"servicio,clientum"
,simple,SRV-CTM-0041,"Chatbots para E-commerce: Asistencia 24/7, Respuestas Automáticas y Procesamiento de Pedidos",1,"Chatbots para e-commerce: asistencia en tiempo real, respuestas a preguntas frecuentes y procesamiento de pedidos.","Chatbots para e-commerce: asistencia en tiempo real, respuestas a preguntas frecuentes y procesamiento de pedidos.",1,135000,Servicios > Soporte,"servicio,clientum"
,simple,SRV-CTM-0042,"Desarrollo de Apps Móviles para Ecommerce: Diseño, Implementación y Publicación",1,"Servicio de desarrollo de aplicaciones móviles para e-commerce: diseño centrado en el usuario, integración perfecta, funcionalidades avanzadas, optimización para dispositivos móviles. mayor alcance, experiencia de compra.","Servicio de desarrollo de aplicaciones móviles para e-commerce: diseño centrado en el usuario, integración perfecta, funcionalidades avanzadas, optimización para dispositivos móviles. mayor alcance, experiencia de compra.",1,340000,Servicios > Desarrollo Web,"servicio,clientum"
,simple,SRV-CTM-0043,Desarrollo de Aplicaciones Móviles Nativas para Ecommerce: Mejora la Experiencia de Compra y Fideliza Clientes,1,Servicio de desarrollo de aplicación móvil nativa para ecommerce.,Servicio de desarrollo de aplicación móvil nativa para ecommerce.,1,365000,Servicios > Desarrollo Web,"servicio,clientum"
,simple,SRV-CTM-0044,Desarrollo de app móvil,1,"Servicios de consultoría y construcción de soluciones móviles para mejorar la productividad, eficiencia y experiencia de los usuarios.","Servicios de consultoría y construcción de soluciones móviles para mejorar la productividad, eficiencia y experiencia de los usuarios.",1,315000,Servicios > Desarrollo Web,"servicio,clientum"
,simple,SRV-CTM-0045,Soluciones Personalizadas para Apps,1,Soluciones móviles personalizadas.,Soluciones móviles personalizadas.,1,285000,Servicios > Desarrollo Web,"servicio,clientum"
,simple,SRV-CTM-0046,Creación de apps móviles,1,Servicio de creación de aplicaciones móviles a medida.,Servicio de creación de aplicaciones móviles a medida.,1,260000,Servicios > Desarrollo Web,"servicio,clientum"
,simple,SRV-CTM-0047,Aplicaciones Móviles para Ecommerce: Crea tu Tienda Online en tu Bolsillo,1,Aplicaciones móviles para e-commerce: la clave para impulsar tu negocio online.,Aplicaciones móviles para e-commerce: la clave para impulsar tu negocio online.,1,235000,Servicios > Desarrollo Web,"servicio,clientum"
,simple,SRV-CTM-0048,Diseño avanzado de aplicación móvil,1,Diseño avanzado de aplicación móvil.,Diseño avanzado de aplicación móvil.,1,180000,Servicios > Desarrollo Web,"servicio,clientum"
,simple,SRV-CTM-0049,Desarrollo de Apps Móviles con Realidad Aumentada y Virtual: ¡Experiencias Inmersivas en tus Manos!,1,Desarrollo de apps móviles con realidad aumentada y virtual: ¡experiencias inmersivas al alcance de tu mano!.,Desarrollo de apps móviles con realidad aumentada y virtual: ¡experiencias inmersivas al alcance de tu mano!.,1,205000,Servicios > Desarrollo Web,"servicio,clientum"
,simple,SRV-CTM-0050,Outsourcing de procesos de negocio,1,Servicios de outsourcing para optimizar y gestionar operaciones clave del negocio.,Servicios de outsourcing para optimizar y gestionar operaciones clave del negocio.,1,110000,Servicios > Automatización,"servicio,clientum"
,simple,SRV-CTM-0051,Implementación de soluciones de inteligencia artificial (IA) y aprendizaje automático (ML) para automatización de procesos,1,Automatización de procesos con ia y ml.,Automatización de procesos con ia y ml.,1,200000,Servicios > Inteligencia Artificial,"servicio,clientum"
,simple,SRV-CTM-0052,Automatización de Procesos de Negocio (BPA),1,"Servicios de consultoría y despliegue de tecnologías de automatización, orquestación y aprovisionamiento de recursos de infraestructura.","Servicios de consultoría y despliegue de tecnologías de automatización, orquestación y aprovisionamiento de recursos de infraestructura.",1,100000,Servicios > Automatización,"servicio,clientum"
,simple,SRV-CTM-0053,Implementación de RPA (Automatización Robótica de Procesos),1,Servicios de consultoría y despliegue de tecnologías de automatización inteligente de tareas y procesos repetitivos.,Servicios de consultoría y despliegue de tecnologías de automatización inteligente de tareas y procesos repetitivos.,1,190000,Servicios > Automatización,"servicio,clientum"
,simple,SRV-CTM-0054,Automatización de Operaciones de TI (AIOps),1,Soluciones de automatización de operaciones de ti (aiops).,Soluciones de automatización de operaciones de ti (aiops).,1,110000,Servicios > Automatización,"servicio,clientum"
,simple,SRV-CTM-0055,Automation with Dolibarr,1,Automatización empresarial.,Automatización empresarial.,1,105000,Servicios > Automatización,"servicio,clientum"
,simple,SRV-CTM-0056,Automatización Avanzada,1,Automatización de procesos empresariales.,Automatización de procesos empresariales.,1,180000,Servicios > Automatización,"servicio,clientum"
,simple,SRV-CTM-0057,Automatización Empresarial,1,Optimización de procesos industriales.,Optimización de procesos industriales.,1,170000,Servicios > Automatización,"servicio,clientum"
,simple,SRV-CTM-0058,Integración de Sistemas,1,Migración de aplicaciones legacy a microservicios.,Migración de aplicaciones legacy a microservicios.,1,105000,Servicios > Automatización,"servicio,clientum"
,simple,SRV-CTM-0059,Gestión de Flotas y Rutas,1,Herramientas de automatización.,Herramientas de automatización.,1,160000,Servicios > Automatización,"servicio,clientum"
,simple,SRV-CTM-0060,Asistencia Virtual para la Gestión de Tareas,1,Asistencia virtual.,Asistencia virtual.,1,605000,Servicios > Automatización,"servicio,clientum"
,simple,SRV-CTM-0061,Soluciones RPA (Robotic Process Automation),1,Automatización de procesos con rpa.,Automatización de procesos con rpa.,1,650000,Servicios > Automatización,"servicio,clientum"
,simple,SRV-CTM-0062,Soporte Automatizado,1,Soporte automatizado.,Soporte automatizado.,1,700000,Servicios > Automatización,"servicio,clientum"
,simple,SRV-CTM-0063,Procesamiento Automatizado de Facturas y Pagos,1,Procesamiento automatizado.,Procesamiento automatizado.,1,555000,Servicios > Automatización,"servicio,clientum"
,simple,SRV-CTM-0064,Rediseño De Procesos,1,Análisis y rediseño de procesos.,Análisis y rediseño de procesos.,1,510000,Servicios > Automatización,"servicio,clientum"
,simple,SRV-CTM-0065,Automatización de Procesos Ecommerce: Optimiza y Agiliza tu Negocio Online,1,Automatización de flujos de trabajo en ecommerce.,Automatización de flujos de trabajo en ecommerce.,1,460000,Servicios > Automatización,"servicio,clientum"
,simple,SRV-CTM-0066,Consultoría en digitalización de procesos,1,Consultoría en digitalización de procesos.,Consultoría en digitalización de procesos.,1,410000,Servicios > Automatización,"servicio,clientum"
,simple,SRV-CTM-0067,Automatización de Ventas con IA,1,Automatización de procesos de marketing utilizando ia.,Automatización de procesos de marketing utilizando ia.,1,280000,Servicios > Inteligencia Artificial,"servicio,clientum"
,simple,SRV-CTM-0068,Plataformas de Automatización,1,Herramientas de automatización empresarial.,Herramientas de automatización empresarial.,1,265000,Servicios > Automatización,"servicio,clientum"
,simple,SRV-CTM-0069,Optimización de Energía y Recursos,1,Optimización de energía.,Optimización de energía.,1,315000,Servicios > Automatización,"servicio,clientum"
,simple,SRV-CTM-0070,Desarrollo de Soluciones de Inteligencia Artificial y Machine Learning,1,"Servicios de consultoría y despliegue de soluciones de inteligencia artificial, aprendizaje de máquina y procesamiento de datos.","Servicios de consultoría y despliegue de soluciones de inteligencia artificial, aprendizaje de máquina y procesamiento de datos.",1,900000,Servicios > Inteligencia Artificial,"servicio,clientum"
,simple,SRV-CTM-0071,Desarrollo de Soluciones de BI para KPIs,1,"Servicios de consultoría y construcción de aplicaciones para la extracción de insights, predicción de tendencias y toma de decisiones basada en datos.","Servicios de consultoría y construcción de aplicaciones para la extracción de insights, predicción de tendencias y toma de decisiones basada en datos.",1,155000,Servicios > Business Intelligence,"servicio,clientum"
,simple,SRV-CTM-0072,Servicios de gestión de proyectos,1,Servicios de consultoría y acompañamiento en la gestión de proyectos de cambio y mejora continua.,Servicios de consultoría y acompañamiento en la gestión de proyectos de cambio y mejora continua.,1,235000,Servicios > Business Intelligence,"servicio,clientum"
,simple,SRV-CTM-0073,Implementación de soluciones de big data,1,"Servicios de consultoría y despliegue de soluciones de analítica de comportamiento, usabilidad y satisfacción del usuario para optimizar la experiencia digital.","Servicios de consultoría y despliegue de soluciones de analítica de comportamiento, usabilidad y satisfacción del usuario para optimizar la experiencia digital.",1,1000000,Servicios > Business Intelligence,"servicio,clientum"
,simple,SRV-CTM-0074,IA y Aprendizaje Automático,1,"Servicios de consultoría y despliegue de soluciones de ia para la automatización de procesos, predicción de tendencias y toma de decisiones.","Servicios de consultoría y despliegue de soluciones de ia para la automatización de procesos, predicción de tendencias y toma de decisiones.",1,155000,Servicios > Inteligencia Artificial,"servicio,clientum"
,simple,SRV-CTM-0075,Consultoría empresarial,1,Servicios de consultoría especializada en el desarrollo de arquitecturas de sistemas y procesos a nivel organizacional.,Servicios de consultoría especializada en el desarrollo de arquitecturas de sistemas y procesos a nivel organizacional.,1,970000,Servicios > Business Intelligence,"servicio,clientum"
,simple,SRV-CTM-0076,Gestión de la innovación,1,Servicios de consultoría para potenciar las capacidades de innovación en las organizaciones.,Servicios de consultoría para potenciar las capacidades de innovación en las organizaciones.,1,230000,Servicios > Business Intelligence,"servicio,clientum"
,simple,SRV-CTM-0077,Análisis de datos en tiempo real,1,Soluciones de análisis de datos en tiempo real.,Soluciones de análisis de datos en tiempo real.,1,945000,Servicios > Business Intelligence,"servicio,clientum"
,simple,SRV-CTM-0078,Gobierno de Datos y Gestión,1,Servicios de consultoría especializada en el diseño e implementación de iniciativas de gobernanza de datos.,Servicios de consultoría especializada en el diseño e implementación de iniciativas de gobernanza de datos.,1,155000,Servicios > Business Intelligence,"servicio,clientum"
,simple,SRV-CTM-0079,Implementación de Business Intelligence (BI),1,Servicios de creación de soluciones de inteligencia de negocios (bi) para empresas.,Servicios de creación de soluciones de inteligencia de negocios (bi) para empresas.,1,225000,Servicios > Business Intelligence,"servicio,clientum"
,simple,SRV-CTM-0080,Implementación de Sistemas de IA,1,Gestión de datos.,Gestión de datos.,1,805000,Servicios > Inteligencia Artificial,"servicio,clientum"
,simple,SRV-CTM-0081,Consultoría y Estrategia Digital,1,Servicios de consultoría especializada en la planificación e implementación de iniciativas de digitalización.,Servicios de consultoría especializada en la planificación e implementación de iniciativas de digitalización.,1,890000,Servicios > Business Intelligence,"servicio,clientum"
,simple,SRV-CTM-0082,BI (Business Intelligence),1,Servicios de consultoría y desarrollo de plataformas de inteligencia de negocios y analítica avanzada.,Servicios de consultoría y desarrollo de plataformas de inteligencia de negocios y analítica avanzada.,1,860000,Servicios > Business Intelligence,"servicio,clientum"
,simple,SRV-CTM-0083,Visualización Avanzada de Datos,1,"Servicios de consultoría y desarrollo de plataformas para análisis de datos, inteligencia de negocios y generación de reportes.","Servicios de consultoría y desarrollo de plataformas para análisis de datos, inteligencia de negocios y generación de reportes.",1,155000,Servicios > Business Intelligence,"servicio,clientum"
,simple,SRV-CTM-0084,IT Consultancy,1,Consultoría it.,Consultoría it.,1,155000,Servicios > Business Intelligence,"servicio,clientum"
,simple,SRV-CTM-0085,Análisis Predictivo y ML,1,Solución de análisis predictivo para mantenimiento basada en ia.,Solución de análisis predictivo para mantenimiento basada en ia.,1,735000,Servicios > Inteligencia Artificial,"servicio,clientum"
,simple,SRV-CTM-0086,Implementación de Herramientas de BI,1,Servicio de implementación de herramientas de analítica y optimización para ecommerce.,Servicio de implementación de herramientas de analítica y optimización para ecommerce.,1,220000,Servicios > Business Intelligence,"servicio,clientum"
,simple,SRV-CTM-0087,Soporte Avanzado en BI,1,Análisis de datos avanzado.,Análisis de datos avanzado.,1,805000,Servicios > Business Intelligence,"servicio,clientum"
,simple,SRV-CTM-0088,Optimización de Bases de Datos,1,Servicios de consultoría especializada en la gestión integral de datos empresariales.,Servicios de consultoría especializada en la gestión integral de datos empresariales.,1,215000,Servicios > Business Intelligence,"servicio,clientum"
,simple,SRV-CTM-0089,Inteligencia de Mercado para Identificar Tendencias,1,Inteligencia de mercado.,Inteligencia de mercado.,1,775000,Servicios > Business Intelligence,"servicio,clientum"
,simple,SRV-CTM-0090,Automatización de Reportes Ejecutivos,1,Automatización de reportes con pentaho.,Automatización de reportes con pentaho.,1,155000,Servicios > Business Intelligence,"servicio,clientum"
,simple,SRV-CTM-0091,Planificación estratégica,1,Servicios de consultoría para el diseño e implementación de estrategias empresariales.,Servicios de consultoría para el diseño e implementación de estrategias empresariales.,1,205000,Servicios > Business Intelligence,"servicio,clientum"
,simple,SRV-CTM-0092,Investigación de mercados,1,Servicios de investigación de mercados para recopilar y analizar información.,Servicios de investigación de mercados para recopilar y analizar información.,1,750000,Servicios > Business Intelligence,"servicio,clientum"
,simple,SRV-CTM-0093,Consultoría en gestión de procesos,1,"Revisión y optimización de procesos: identifica y elimina cuellos de botella, mejora la productividad y reduce costos.","Revisión y optimización de procesos: identifica y elimina cuellos de botella, mejora la productividad y reduce costos.",1,720000,Servicios > Business Intelligence,"servicio,clientum"
,simple,SRV-CTM-0094,Análisis de Sentimiento en Redes Sociales,1,Solución de análisis de sentimiento en llamadas telefónicas basada en ia.,Solución de análisis de sentimiento en llamadas telefónicas basada en ia.,1,150000,Servicios > Inteligencia Artificial,"servicio,clientum"
,simple,SRV-CTM-0095,Análisis de Big Data,1,Servicios de consultoría y ejecución de proyectos de análisis de datos y big data para empresas.,Servicios de consultoría y ejecución de proyectos de análisis de datos y big data para empresas.,1,155000,Servicios > Business Intelligence,"servicio,clientum"
,simple,SRV-CTM-0096,Analítica de datos,1,"Servicios de consultoría y despliegue de soluciones de analítica predictiva, prescriptiva y en tiempo real para optimizar procesos clave del negocio.","Servicios de consultoría y despliegue de soluciones de analítica predictiva, prescriptiva y en tiempo real para optimizar procesos clave del negocio.",1,665000,Servicios > Business Intelligence,"servicio,clientum"
,simple,SRV-CTM-0097,Dashboards Personalizados,1,Implementación de bi y dashboards personalizados.,Implementación de bi y dashboards personalizados.,1,200000,Servicios > Business Intelligence,"servicio,clientum"
,simple,SRV-CTM-0098,Consultoría en Machine Learning,1,Consultoría en machine learning.,Consultoría en machine learning.,1,615000,Servicios > Inteligencia Artificial,"servicio,clientum"
,simple,SRV-CTM-0099,Consultoría en Big Data,1,Consultoría en gestión del cambio.,Consultoría en gestión del cambio.,1,635000,Servicios > Business Intelligence,"servicio,clientum"
,simple,SRV-CTM-0100,Análisis de Datos y Métricas,1,Mejora la toma de decisiones empresariales con análisis de datos.,Mejora la toma de decisiones empresariales con análisis de datos.,1,195000,Servicios > Business Intelligence,"servicio,clientum"
,simple,SRV-CTM-0101,Redacción de informes,1,Servicio de redacción profesional de informes.,Servicio de redacción profesional de informes.,1,610000,Servicios > Business Intelligence,"servicio,clientum"
,simple,SRV-CTM-0102,Desarrollo de Algoritmos Avanzados,1,Algoritmos para marketing digital.,Algoritmos para marketing digital.,1,155000,Servicios > Business Intelligence,"servicio,clientum"
,simple,SRV-CTM-0103,Servicio de Analítica Web: Optimiza tu Ecommerce con Datos Valiosos,1,"Servicio de análisis de datos de ecommerce: optimiza tu estrategia de negocio online con métricas esenciales, análisis de cohortes, segmentación avanzada y más.","Servicio de análisis de datos de ecommerce: optimiza tu estrategia de negocio online con métricas esenciales, análisis de cohortes, segmentación avanzada y más.",1,190000,Servicios > Business Intelligence,"servicio,clientum"
,simple,SRV-CTM-0104,Support for BI,1,Soporte especializado bi.,Soporte especializado bi.,1,580000,Servicios > Business Intelligence,"servicio,clientum"
,simple,SRV-CTM-0105,Análisis de Conversiones: Optimiza tu E-commerce y Aumenta tus Ventas,1,Servicio de análisis de conversiones para e-commerce que te permite: identificar áreas de mejora optimizar la experiencia del usuario aumentar las ventas mejorar el ROI de marketing.,Servicio de análisis de conversiones para e-commerce que te permite: identificar áreas de mejora optimizar la experiencia del usuario aumentar las ventas mejorar el ROI de marketing.,1,555000,Servicios > Business Intelligence,"servicio,clientum"
,simple,SRV-CTM-0106,Consultoría Adicional Básica: Asesoría Experta para Optimizar tu Negocio,1,"Consultoría adicional básica: asesoramiento personalizado, análisis exhaustivo y planes de acción para el éxito empresarial.","Consultoría adicional básica: asesoramiento personalizado, análisis exhaustivo y planes de acción para el éxito empresarial.",1,525000,Servicios > Business Intelligence,"servicio,clientum"
,simple,SRV-CTM-0107,Consultoría en inteligencia competitiva,1,Consultoría en inteligencia competitiva.,Consultoría en inteligencia competitiva.,1,150000,Servicios > Business Intelligence,"servicio,clientum"
,simple,SRV-CTM-0108,Gestión de Riesgos con IA,1,Solución de gestión de riesgos basada en ia.,Solución de gestión de riesgos basada en ia.,1,180000,Servicios > Inteligencia Artificial,"servicio,clientum"
,simple,SRV-CTM-0109,Consultoría en sostenibilidad,1,Consultoría en desarrollo sostenible.,Consultoría en desarrollo sostenible.,1,495000,Servicios > Business Intelligence,"servicio,clientum"
,simple,SRV-CTM-0110,Análisis de mercado,1,Solución de análisis de la competencia basada en ia.,Solución de análisis de la competencia basada en ia.,1,150000,Servicios > Inteligencia Artificial,"servicio,clientum"
,simple,SRV-CTM-0111,Personalización de Informes: Crea Reportes a Medida para tus Necesidades,1,"Desarrollo de informes personalizados: herramienta para la toma de decisiones informada, con informes adaptados, automatizados, integrados y visuales.","Desarrollo de informes personalizados: herramienta para la toma de decisiones informada, con informes adaptados, automatizados, integrados y visuales.",1,470000,Servicios > Business Intelligence,"servicio,clientum"
,simple,SRV-CTM-0112,Optimización de Estrategias de Precios,1,Informe de análisis de rendimiento: información valiosa para el éxito empresarial.,Informe de análisis de rendimiento: información valiosa para el éxito empresarial.,1,180000,Servicios > Business Intelligence,"servicio,clientum"
,simple,SRV-CTM-0113,Optimización de Proyectos Empresariales,1,Análisis de procesos empresariales: optimiza el rendimiento y la eficiencia de tu empresa.,Análisis de procesos empresariales: optimiza el rendimiento y la eficiencia de tu empresa.,1,415000,Servicios > Business Intelligence,"servicio,clientum"
,simple,SRV-CTM-0114,Plataforma de Analítica Web,1,Análisis del comportamiento web.,Análisis del comportamiento web.,1,150000,Servicios > Business Intelligence,"servicio,clientum"
,simple,SRV-CTM-0115,Evaluación de Impacto: Analiza y Mide el Éxito de tus Iniciativas,1,Evaluación de impacto: herramienta para medir el éxito de tus iniciativas.,Evaluación de impacto: herramienta para medir el éxito de tus iniciativas.,1,440000,Servicios > Business Intelligence,"servicio,clientum"
,simple,SRV-CTM-0116,Análisis de Comportamiento del Consumidor,1,Análisis de comportamiento.,Análisis de comportamiento.,1,360000,Servicios > Business Intelligence,"servicio,clientum"
,simple,SRV-CTM-0117,Planificación Financiera con IA,1,Solución de planificación financiera con ia.,Solución de planificación financiera con ia.,1,150000,Servicios > Inteligencia Artificial,"servicio,clientum"
,simple,SRV-CTM-0118,Análisis de Datos de Recursos Humanos con IA,1,Solución de análisis de datos de rrhh basada en ia.,Solución de análisis de datos de rrhh basada en ia.,1,350000,Servicios > Inteligencia Artificial,"servicio,clientum"
,simple,SRV-CTM-0119,Análisis de Datos de la Cadena de Suministro con IA,1,Solución de análisis de datos de la cadena de suministro con ia.,Solución de análisis de datos de la cadena de suministro con ia.,1,170000,Servicios > Inteligencia Artificial,"servicio,clientum"
,simple,SRV-CTM-0120,Análisis de Interacciones con Clientes con IA,1,Solución de análisis de interacciones con clientes basada en ia.,Solución de análisis de interacciones con clientes basada en ia.,1,305000,Servicios > Inteligencia Artificial,"servicio,clientum"
,simple,SRV-CTM-0121,Gestión de Cumplimiento Normativo con IA,1,Solución de gestión de cumplimiento normativo con ia.,Solución de gestión de cumplimiento normativo con ia.,1,165000,Servicios > Inteligencia Artificial,"servicio,clientum"
,simple,SRV-CTM-0122,IA y ML,1,Ia y ml.,Ia y ml.,1,150000,Servicios > Inteligencia Artificial,"servicio,clientum"
,simple,SRV-CTM-0123,Ciencia de Datos,1,Consultoría en analítica.,Consultoría en analítica.,1,275000,Servicios > Business Intelligence,"servicio,clientum"
,simple,SRV-CTM-0124,Reportes de Ventas,1,Reportes de ventas.,Reportes de ventas.,1,160000,Servicios > Business Intelligence,"servicio,clientum"
,simple,SRV-CTM-0125,Soluciones completas para grandes empresas con necesidades analíticas avanzadas y continuas.,1,Soluciones completas para grandes empresas con necesidades analíticas avanzadas y continuas.,Soluciones completas para grandes empresas con necesidades analíticas avanzadas y continuas.,1,300000,Servicios > Business Intelligence,"servicio,clientum"
,simple,SRV-CTM-0126,Consultoría en Estrategia Web: Optimiza tu presencia online y alcanza tus objetivos,1,"Consultoría en estrategia web: impulsa tu presencia digital al siguiente nivel. análisis exhaustivo, estrategia personalizada, SEO, marketing de contenidos, análisis de datos. beneficios: mayor visibilidad, generación de.","Consultoría en estrategia web: impulsa tu presencia digital al siguiente nivel. análisis exhaustivo, estrategia personalizada, SEO, marketing de contenidos, análisis de datos. beneficios: mayor visibilidad, generación de.",1,150000,Servicios > Business Intelligence,"servicio,clientum"
,simple,SRV-CTM-0127,Implementación De Medidas De Protección,1,"Servicios de consultoría y despliegue de soluciones de detección, prevención y respuesta a amenazas cibernéticas en infraestructuras críticas y operacionales.","Servicios de consultoría y despliegue de soluciones de detección, prevención y respuesta a amenazas cibernéticas en infraestructuras críticas y operacionales.",1,85000,Servicios > Ciberseguridad,"servicio,clientum"
,simple,SRV-CTM-0128,Desarrollo de soluciones de ciberseguridad,1,Servicios de creación de aplicaciones y sistemas de ciberseguridad para la defensa frente a amenazas.,Servicios de creación de aplicaciones y sistemas de ciberseguridad para la defensa frente a amenazas.,1,600000,Servicios > Ciberseguridad,"servicio,clientum"
,simple,SRV-CTM-0129,Servicios de ciberseguridad,1,Servicios de consultoría especializada en ciberseguridad para la protección de activos digitales.,Servicios de consultoría especializada en ciberseguridad para la protección de activos digitales.,1,130000,Servicios > Ciberseguridad,"servicio,clientum"
,simple,SRV-CTM-0130,Ciberseguridad avanzada,1,"Servicios de consultoría y despliegue de tecnologías de seguridad de la información, detección de amenazas y protección de activos digitales.","Servicios de consultoría y despliegue de tecnologías de seguridad de la información, detección de amenazas y protección de activos digitales.",1,535000,Servicios > Ciberseguridad,"servicio,clientum"
,simple,SRV-CTM-0131,Seguridad informática,1,Servicios de seguridad y protección de sistemas.,Servicios de seguridad y protección de sistemas.,1,80000,Servicios > Ciberseguridad,"servicio,clientum"
,simple,SRV-CTM-0132,Auditoría de Seguridad,1,Auditoría de ciberseguridad.,Auditoría de ciberseguridad.,1,475000,Servicios > Ciberseguridad,"servicio,clientum"
,simple,SRV-CTM-0133,Gestión de Identidades y Accesos,1,Gestión de identidades y accesos.,Gestión de identidades y accesos.,1,115000,Servicios > Ciberseguridad,"servicio,clientum"
,simple,SRV-CTM-0134,Verificación de Seguridad en Big Data,1,Auditoría de seguridad en big data.,Auditoría de seguridad en big data.,1,410000,Servicios > Ciberseguridad,"servicio,clientum"
,simple,SRV-CTM-0135,Instalación de Sistemas de Alarmas,1,Sistemas de videovigilancia.,Sistemas de videovigilancia.,1,85000,Servicios > Ciberseguridad,"servicio,clientum"
,simple,SRV-CTM-0136,Respuesta a incidentes básica,1,Monitoreo y respuesta a incidentes.,Monitoreo y respuesta a incidentes.,1,325000,Servicios > Ciberseguridad,"servicio,clientum"
,simple,SRV-CTM-0137,Análisis de Riesgos de Ciberseguridad,1,Análisis de riesgos y ciberseguridad.,Análisis de riesgos y ciberseguridad.,1,105000,Servicios > Ciberseguridad,"servicio,clientum"
,simple,SRV-CTM-0138,Servicios de Seguridad Ecommerce,1,Servicios de seguridad y cumplimiento para ecommerce.,Servicios de seguridad y cumplimiento para ecommerce.,1,80000,Servicios > Ciberseguridad,"servicio,clientum"
,simple,SRV-CTM-0139,Seguridad Adicional: Tu escudo digital para un hogar protegido,1,Seguridad adicional: protege tu hogar con tranquilidad.,Seguridad adicional: protege tu hogar con tranquilidad.,1,260000,Servicios > Ciberseguridad,"servicio,clientum"
,simple,SRV-CTM-0140,Respaldo y Recuperación de Datos: Protege tus archivos con nuestra solución integral,1,"Respaldo y recuperación de datos: tu salvavidas digital. protege tus datos de pérdidas y disfruta de tranquilidad con respaldos automáticos, almacenamiento en la nube y recuperación rápida.","Respaldo y recuperación de datos: tu salvavidas digital. protege tus datos de pérdidas y disfruta de tranquilidad con respaldos automáticos, almacenamiento en la nube y recuperación rápida.",1,95000,Servicios > Ciberseguridad,"servicio,clientum"
,simple,SRV-CTM-0141,Plataforma de Monitoreo y Alertas,1,Monitoreo y alertas proactivas.,Monitoreo y alertas proactivas.,1,195000,Servicios > Ciberseguridad,"servicio,clientum"
,simple,SRV-CTM-0142,Detección de Fraude con IA,1,Detección de fraude.,Detección de fraude.,1,80000,Servicios > Ciberseguridad,"servicio,clientum"
,simple,SRV-CTM-0143,SSL Básico,1,Certificado ssl para sitios web.,Certificado ssl para sitios web.,1,135000,Servicios > Ciberseguridad,"servicio,clientum"
,simple,SRV-CTM-0144,Migración Básica a la Nube,1,Servicios de consultoría y ejecución de proyectos de migración y adopción de soluciones cloud.,Servicios de consultoría y ejecución de proyectos de migración y adopción de soluciones cloud.,1,25000,Servicios > Hosting e Infraestructura,"servicio,clientum"
,simple,SRV-CTM-0145,Cloud Computing,1,Servicios de consultoría y ejecución de proyectos de adopción de soluciones en la nube.,Servicios de consultoría y ejecución de proyectos de adopción de soluciones en la nube.,1,55000,Servicios > Hosting e Infraestructura,"servicio,clientum"
,simple,SRV-CTM-0146,Servicios de Implementación de ERP en la Nube,1,"Servicios de consultoría y despliegue de soluciones de computación en la nube, almacenamiento, redes y servicios gestionados.","Servicios de consultoría y despliegue de soluciones de computación en la nube, almacenamiento, redes y servicios gestionados.",1,25000,Servicios > Hosting e Infraestructura,"servicio,clientum"
,simple,SRV-CTM-0147,Servicios de Alojamiento y Cloud,1,Servicios de alojamiento y cloud.,Servicios de alojamiento y cloud.,1,50000,Servicios > Hosting e Infraestructura,"servicio,clientum"
,simple,SRV-CTM-0148,Optimización de Recursos TI,1,Mejora de recursos tecnológicos.,Mejora de recursos tecnológicos.,1,255000,Servicios > Hosting e Infraestructura,"servicio,clientum"
,simple,SRV-CTM-0149,Soluciones de nube híbrida,1,Servicios de implementación y gestión de entornos de nube híbrida.,Servicios de implementación y gestión de entornos de nube híbrida.,1,280000,Servicios > Hosting e Infraestructura,"servicio,clientum"
,simple,SRV-CTM-0150,Plataforma ERP en la nube,1,Erp en la nube.,Erp en la nube.,1,300000,Servicios > Hosting e Infraestructura,"servicio,clientum"
,simple,SRV-CTM-0151,Consultoría en Soluciones Cloud,1,Soluciones en la nube.,Soluciones en la nube.,1,235000,Servicios > Hosting e Infraestructura,"servicio,clientum"
,simple,SRV-CTM-0152,Respaldo y Recuperación de Datos,1,Respaldo y recuperación de datos.,Respaldo y recuperación de datos.,1,210000,Servicios > Hosting e Infraestructura,"servicio,clientum"
,simple,SRV-CTM-0153,Configuración de Redes,1,Configuración de redes.,Configuración de redes.,1,145000,Servicios > Hosting e Infraestructura,"servicio,clientum"
,simple,SRV-CTM-0154,Soporte de Infraestructura en la Nube,1,Monitoreo de infraestructuras en la nube.,Monitoreo de infraestructuras en la nube.,1,165000,Servicios > Hosting e Infraestructura,"servicio,clientum"
,simple,SRV-CTM-0155,Evaluación de Tecnologías Cloud,1,Evaluación de tecnologías en la nube.,Evaluación de tecnologías en la nube.,1,190000,Servicios > Hosting e Infraestructura,"servicio,clientum"
,simple,SRV-CTM-0156,Cloud Storage Solution,1,Almacenamiento en la nube.,Almacenamiento en la nube.,1,125000,Servicios > Hosting e Infraestructura,"servicio,clientum"
,simple,SRV-CTM-0157,Gestión Básica de Servicios en la Nube,1,Gestión básica de servicios en la nube.,Gestión básica de servicios en la nube.,1,105000,Servicios > Hosting e Infraestructura,"servicio,clientum"
,simple,SRV-CTM-0158,"1 vCore, RAM: 1gb, Disco: 25 GB SSD, Ancho de Banda: 1000 GB",1,Servidor virtual 1 vcore 1 gb ram 25 gb ssd 1000 gb ancho banda.,Servidor virtual 1 vcore 1 gb ram 25 gb ssd 1000 gb ancho banda.,1,20000,Servicios > Hosting e Infraestructura,"servicio,clientum"
,simple,SRV-CTM-0159,Implementación de ERP en la Nube: Optimiza tu gestión empresarial con SaaS,1,Servicios de implementación de sistemas ERP en la nube: optimizando operaciones y obteniendo ventajas competitivas.,Servicios de implementación de sistemas ERP en la nube: optimizando operaciones y obteniendo ventajas competitivas.,1,25000,Servicios > Hosting e Infraestructura,"servicio,clientum"
,simple,SRV-CTM-0160,Desarrollo de videojuegos,1,"Servicios de diseño, desarrollo y publicación de videojuegos y aplicaciones de entretenimiento innovadoras.","Servicios de diseño, desarrollo y publicación de videojuegos y aplicaciones de entretenimiento innovadoras.",1,160000,Servicios > Desarrollo Web,"servicio,clientum"
,simple,SRV-CTM-0161,Desarrollo de soluciones blockchain,1,"Servicios de creación de soluciones blockchain para áreas como finanzas, cadena de suministro y certificación.","Servicios de creación de soluciones blockchain para áreas como finanzas, cadena de suministro y certificación.",1,1165000,Servicios > Desarrollo Web,"servicio,clientum"
,simple,SRV-CTM-0162,Desarrollo de soluciones de realidad virtual,1,"Servicios de implementación de realidad aumentada para ecommerce: visualización 3D, prueba virtual, información adicional, experiencias interactivas. mejora la experiencia de compra, aumenta las conversiones y diferencia.","Servicios de implementación de realidad aumentada para ecommerce: visualización 3D, prueba virtual, información adicional, experiencias interactivas. mejora la experiencia de compra, aumenta las conversiones y diferencia.",1,255000,Servicios > Desarrollo Web,"servicio,clientum"
,simple,SRV-CTM-0163,Servicios de integración de sistemas,1,Servicios de consultoría y desarrollo de arquitecturas de integración de aplicaciones y datos.,Servicios de consultoría y desarrollo de arquitecturas de integración de aplicaciones y datos.,1,1200000,Servicios > Desarrollo Web,"servicio,clientum"
,simple,SRV-CTM-0164,Migración y modernización de aplicaciones,1,Servicios de consultoría y ejecución de proyectos de modernización y migración de infraestructura tecnológica.,Servicios de consultoría y ejecución de proyectos de modernización y migración de infraestructura tecnológica.,1,160000,Servicios > Desarrollo Web,"servicio,clientum"
,simple,SRV-CTM-0165,Servicios de desarrollo de aplicaciones con arquitecturas de microservicios,1,Desarrollo de aplicaciones web con microservicios y apis.,Desarrollo de aplicaciones web con microservicios y apis.,1,1135000,Servicios > Desarrollo Web,"servicio,clientum"
,simple,SRV-CTM-0166,Custom Web Development,1,Desarrollo de software personalizado.,Desarrollo de software personalizado.,1,1135000,Servicios > Desarrollo Web,"servicio,clientum"
,simple,SRV-CTM-0167,Servicio de Desarrollo de Integraciones B2B para Ecommerce: Automatiza tus Ventas y Distribución,1,"Servicio de desarrollo de integraciones B2B para e-commerce: conecta tus sistemas, automatiza procesos y mejora la eficiencia de tu negocio.","Servicio de desarrollo de integraciones B2B para e-commerce: conecta tus sistemas, automatiza procesos y mejora la eficiencia de tu negocio.",1,165000,Servicios > E-Commerce,"servicio,clientum"
,simple,SRV-CTM-0168,Desarrollo de software,1,"Servicios de diseño, desarrollo, implementación y mantenimiento de aplicaciones a la medida.","Servicios de diseño, desarrollo, implementación y mantenimiento de aplicaciones a la medida.",1,1100000,Servicios > Desarrollo Web,"servicio,clientum"
,simple,SRV-CTM-0169,Servicio de Implementación de Sistema de Recomendaciones Personalizadas,1,"Servicio de desarrollo de funcionalidad de recomendación de productos para ecommerce. mejora la experiencia de compra, aumenta las conversiones y brinda información valiosa.","Servicio de desarrollo de funcionalidad de recomendación de productos para ecommerce. mejora la experiencia de compra, aumenta las conversiones y brinda información valiosa.",1,105000,Servicios > E-Commerce,"servicio,clientum"
,simple,SRV-CTM-0170,Soporte Integral para Comercio Electrónico,1,Servicios de creación de soluciones de comercio electrónico B2C y B2B con funcionalidades avanzadas.,Servicios de creación de soluciones de comercio electrónico B2C y B2B con funcionalidades avanzadas.,1,1065000,Servicios > Desarrollo Web,"servicio,clientum"
,simple,SRV-CTM-0171,Desarrollo de sitio web,1,Servicios de construcción y mejora de presencia web para empresas y organizaciones.,Servicios de construcción y mejora de presencia web para empresas y organizaciones.,1,240000,Servicios > Desarrollo Web,"servicio,clientum"
,simple,SRV-CTM-0172,Personalización de Experiencia de Usuario,1,Servicio de optimización de experiencia de usuario para ecommerce.,Servicio de optimización de experiencia de usuario para ecommerce.,1,160000,Servicios > Desarrollo Web,"servicio,clientum"
,simple,SRV-CTM-0173,Rediseño de Tienda Online: Optimiza tu E-commerce para Impulsar las Ventas,1,"Servicio de creación de tienda online para impulsar tu negocio con diseño personalizado, catálogo completo, pagos seguros, optimización móvil y redes sociales.","Servicio de creación de tienda online para impulsar tu negocio con diseño personalizado, catálogo completo, pagos seguros, optimización móvil y redes sociales.",1,700000,Servicios > E-Commerce,"servicio,clientum"
,simple,SRV-CTM-0174,Web Design,1,Diseño web personalizado.,Diseño web personalizado.,1,155000,Servicios > Desarrollo Web,"servicio,clientum"
,simple,SRV-CTM-0175,Gestión de Contenidos Web,1,"Servicios de consultoría y construcción de soluciones de gestión de contenidos, diseño web y desarrollo de aplicaciones web.","Servicios de consultoría y construcción de soluciones de gestión de contenidos, diseño web y desarrollo de aplicaciones web.",1,965000,Servicios > Desarrollo Web,"servicio,clientum"
,simple,SRV-CTM-0176,Plataforma e-Commerce,1,Servicio de migración de plataforma ecommerce: migra tu tienda online a una plataforma más potente y escalable para crecer y escalar tu negocio sin problemas.,Servicio de migración de plataforma ecommerce: migra tu tienda online a una plataforma más potente y escalable para crecer y escalar tu negocio sin problemas.,1,155000,Servicios > E-Commerce,"servicio,clientum"
,simple,SRV-CTM-0177,Desarrollo de Contenido Multilingüe,1,Contenido multilingüe.,Contenido multilingüe.,1,235000,Servicios > Desarrollo Web,"servicio,clientum"
,simple,SRV-CTM-0178,Soporte para Wordpress,1,Soporte wordpress multisite.,Soporte wordpress multisite.,1,1000000,Servicios > Desarrollo Web,"servicio,clientum"
,simple,SRV-CTM-0179,Servicio de Optimización de Búsqueda Interna,1,Servicio de optimización de la búsqueda interna en ecommerce.,Servicio de optimización de la búsqueda interna en ecommerce.,1,935000,Servicios > Desarrollo Web,"servicio,clientum"
,simple,SRV-CTM-0180,Desarrollo de tienda online,1,Desarrollo de e-commerce y tiendas en línea: la clave para el éxito en el mundo digital.,Desarrollo de e-commerce y tiendas en línea: la clave para el éxito en el mundo digital.,1,150000,Servicios > E-Commerce,"servicio,clientum"
,simple,SRV-CTM-0181,E-Commerce,1,E-commerce con wordpress y woocommerce.,E-commerce con wordpress y woocommerce.,1,105000,Servicios > E-Commerce,"servicio,clientum"
,simple,SRV-CTM-0182,Diseño Web Responsive,1,Diseño web responsive.,Diseño web responsive.,1,900000,Servicios > Desarrollo Web,"servicio,clientum"
,simple,SRV-CTM-0183,Servicio de Implementación de Programas de Fidelización,1,Servicio de implementación de programas de fidelización para ecommerce.,Servicio de implementación de programas de fidelización para ecommerce.,1,145000,Servicios > E-Commerce,"servicio,clientum"
,simple,SRV-CTM-0184,Servicio de Optimización de Funnels de Conversión,1,Servicio de optimización de funnels de conversión para ecommerce.,Servicio de optimización de funnels de conversión para ecommerce.,1,585000,Servicios > E-Commerce,"servicio,clientum"
,simple,SRV-CTM-0185,Diseño de sitios web,1,Servicio de diseño y desarrollo de sitios web a la medida.,Servicio de diseño y desarrollo de sitios web a la medida.,1,835000,Servicios > Desarrollo Web,"servicio,clientum"
,simple,SRV-CTM-0186,Servicio de Estrategia de Precio y Promociones,1,"Servicio de consultoría en estrategia de ecommerce que guía a las empresas hacia el éxito en línea, brindando análisis de mercado, planificación estratégica, optimización de sitios web, marketing digital y gestión de ope.","Servicio de consultoría en estrategia de ecommerce que guía a las empresas hacia el éxito en línea, brindando análisis de mercado, planificación estratégica, optimización de sitios web, marketing digital y gestión de ope.",1,150000,Servicios > Desarrollo Web,"servicio,clientum"
,simple,SRV-CTM-0187,Diseño de página web,1,Creación de una página web profesional y funcional para representar la marca en línea.,Creación de una página web profesional y funcional para representar la marca en línea.,1,205000,Servicios > Desarrollo Web,"servicio,clientum"
,simple,SRV-CTM-0188,Servicio de Integración de Marketplace,1,Integración con marketplaces ecommerce: expande tu negocio online.,Integración con marketplaces ecommerce: expande tu negocio online.,1,495000,Servicios > E-Commerce,"servicio,clientum"
,simple,SRV-CTM-0189,Servicio de Membresías,1,Servicio de implementación de suscripciones para ecommerce.,Servicio de implementación de suscripciones para ecommerce.,1,155000,Servicios > Desarrollo Web,"servicio,clientum"
,simple,SRV-CTM-0190,Integración Omnicanal para Ecommerce: Conecta tu tienda virtual con todos tus canales,1,Servicios de integración omnicanal para e-commerce.,Servicios de integración omnicanal para e-commerce.,1,520000,Servicios > E-Commerce,"servicio,clientum"
,simple,SRV-CTM-0191,Servicios de Internacionalización Ecommerce,1,Soluciones de internacionalización para ecommerce.,Soluciones de internacionalización para ecommerce.,1,140000,Servicios > E-Commerce,"servicio,clientum"
,simple,SRV-CTM-0192,Integración Multicanal para Ecommerce: Amplía tu Alcance y Optimiza tus Ventas,1,Servicios de integración multicanal para ecommerce.,Servicios de integración multicanal para ecommerce.,1,540000,Servicios > E-Commerce,"servicio,clientum"
,simple,SRV-CTM-0193,Integración de WooCommerce,1,Integración de woocommerce en ecommerce.,Integración de woocommerce en ecommerce.,1,150000,Servicios > Desarrollo Web,"servicio,clientum"
,simple,SRV-CTM-0194,Diseño Web Personalizado,1,"Personalización avanzada: tu experiencia única. crea un perfil personalizado, recibe recomendaciones adaptadas, ajusta la interfaz y recibe notificaciones relevantes para optimizar tus experiencias, ahorrar tiempo y aume.","Personalización avanzada: tu experiencia única. crea un perfil personalizado, recibe recomendaciones adaptadas, ajusta la interfaz y recibe notificaciones relevantes para optimizar tus experiencias, ahorrar tiempo y aume.",1,665000,Servicios > Desarrollo Web,"servicio,clientum"
,simple,SRV-CTM-0195,Servicios de Gestión de Catálogo Ecommerce,1,Soluciones de gestión de catálogo para ecommerce.,Soluciones de gestión de catálogo para ecommerce.,1,100000,Servicios > E-Commerce,"servicio,clientum"
,simple,SRV-CTM-0196,Support for E-Commerce,1,Soporte e-commerce.,Soporte e-commerce.,1,475000,Servicios > E-Commerce,"servicio,clientum"
,simple,SRV-CTM-0197,Traducción de Sitio Web,1,Traducción de sitio web.,Traducción de sitio web.,1,665000,Servicios > Desarrollo Web,"servicio,clientum"
,simple,SRV-CTM-0198,Diseño UX/UI,1,Diseño de experiencias de usuario y interfaces.,Diseño de experiencias de usuario y interfaces.,1,200000,Servicios > Desarrollo Web,"servicio,clientum"
,simple,SRV-CTM-0199,Implementación Tienda Online Básico,1,Implementación de tienda online minorista: ¡creá tu presencia digital hoy!.,Implementación de tienda online minorista: ¡creá tu presencia digital hoy!.,1,380000,Servicios > E-Commerce,"servicio,clientum"
,simple,SRV-CTM-0200,Soluciones de e-commerce,1,"Servicios de logística y distribución para ecommerce: optimiza tus operaciones, reduce costos y mejora la satisfacción del cliente.","Servicios de logística y distribución para ecommerce: optimiza tus operaciones, reduce costos y mejora la satisfacción del cliente.",1,130000,Servicios > E-Commerce,"servicio,clientum"
,simple,SRV-CTM-0201,Solución de Dropshipping,1,Servicio de implementación de dropshipping para ecommerce.,Servicio de implementación de dropshipping para ecommerce.,1,600000,Servicios > Desarrollo Web,"servicio,clientum"
,simple,SRV-CTM-0202,Tienda Virtual,1,Tienda online básica: ¡tu puerta de entrada al mundo del comercio electrónico!.,Tienda online básica: ¡tu puerta de entrada al mundo del comercio electrónico!.,1,100000,Servicios > E-Commerce,"servicio,clientum"
,simple,SRV-CTM-0203,Servicios de Retención de Clientes Ecommerce,1,"Servicio de desarrollo de soluciones de fidelización para ecommerce. crea y ejecuta programas de fidelización personalizados para impulsar la lealtad del cliente, aumentar las ventas y mejorar la rentabilidad.","Servicio de desarrollo de soluciones de fidelización para ecommerce. crea y ejecuta programas de fidelización personalizados para impulsar la lealtad del cliente, aumentar las ventas y mejorar la rentabilidad.",1,430000,Servicios > E-Commerce,"servicio,clientum"
,simple,SRV-CTM-0204,Solución de Pasarela de Pago,1,Servicio de implementación de pasarela de pago para ecommerce.,Servicio de implementación de pasarela de pago para ecommerce.,1,535000,Servicios > Desarrollo Web,"servicio,clientum"
,simple,SRV-CTM-0205,Servicios de Gestión de Inventario Ecommerce,1,"Gestión integral del inventario y logística para e-commerce. optimiza tus operaciones, mejora la experiencia del cliente y logra un crecimiento sostenible.","Gestión integral del inventario y logística para e-commerce. optimiza tus operaciones, mejora la experiencia del cliente y logra un crecimiento sostenible.",1,100000,Servicios > E-Commerce,"servicio,clientum"
,simple,SRV-CTM-0206,Implementación de soluciones de e-commerce: Optimiza tu negocio online,1,"Sistemas de pago en línea: solución integral para negocios modernos, integrando múltiples opciones de pago, gestión de suscripciones y reportes detallados para mayor comodidad, eficiencia y seguridad.","Sistemas de pago en línea: solución integral para negocios modernos, integrando múltiples opciones de pago, gestión de suscripciones y reportes detallados para mayor comodidad, eficiencia y seguridad.",1,125000,Servicios > E-Commerce,"servicio,clientum"
,simple,SRV-CTM-0207,Mantenimiento de sitios web,1,Servicio de mantenimiento y soporte para sitios web.,Servicio de mantenimiento y soporte para sitios web.,1,500000,Servicios > Desarrollo Web,"servicio,clientum"
,simple,SRV-CTM-0208,Consultoría de UX,1,Optimización de la experiencia de usuario de productos digitales.,Optimización de la experiencia de usuario de productos digitales.,1,180000,Servicios > Desarrollo Web,"servicio,clientum"
,simple,SRV-CTM-0209,Diseño de Tienda Virtual: Crea una Experiencia de Compra Inolvidable,1,"Diseño de tienda virtual: creá una experiencia de compra online excepcional con una interfaz visual atractiva, optimización para dispositivos móviles, integración de pasarelas de pago, gestión de inventario y análisis.","Diseño de tienda virtual: creá una experiencia de compra online excepcional con una interfaz visual atractiva, optimización para dispositivos móviles, integración de pasarelas de pago, gestión de inventario y análisis.",1,315000,Servicios > E-Commerce,"servicio,clientum"
,simple,SRV-CTM-0210,Servicios Web,1,Soluciones de pagos para ecommerce.,Soluciones de pagos para ecommerce.,1,155000,Servicios > Desarrollo Web,"servicio,clientum"
,simple,SRV-CTM-0211,Optimización de Performance Web,1,Optimización de rendimiento web.,Optimización de rendimiento web.,1,500000,Servicios > Desarrollo Web,"servicio,clientum"
,simple,SRV-CTM-0212,Servicio de Envío y Logística,1,Servicios de entrega y logística para ecommerce.,Servicios de entrega y logística para ecommerce.,1,435000,Servicios > Desarrollo Web,"servicio,clientum"
,simple,SRV-CTM-0213,Optimización de Tienda Virtual: Mejora tu rendimiento y aumenta tus ventas,1,"Optimización del rendimiento: la clave para el éxito empresarial. analiza datos en tiempo real, identifica cuellos de botella, brinda recomendaciones personalizadas, automatiza procesos y genera informes. mejora la efici.","Optimización del rendimiento: la clave para el éxito empresarial. analiza datos en tiempo real, identifica cuellos de botella, brinda recomendaciones personalizadas, automatiza procesos y genera informes. mejora la efici.",1,245000,Servicios > E-Commerce,"servicio,clientum"
,simple,SRV-CTM-0214,Implementación de Módulos Adicionales: Mejora tu Sitio Web con Funcionalidades Esenciales,1,"Implementación de módulos adicionales: solución integral para optimizar operaciones, integrando funcionalidades, automatizando procesos y personalizando para necesidades específicas.","Implementación de módulos adicionales: solución integral para optimizar operaciones, integrando funcionalidades, automatizando procesos y personalizando para necesidades específicas.",1,175000,Servicios > Desarrollo Web,"servicio,clientum"
,simple,SRV-CTM-0215,¡Crea tu Tienda Online Básica y Vende en Internet Hoy!,1,Implementación de tienda online básica: ¡tu puerta de entrada al comercio electrónico!.,Implementación de tienda online básica: ¡tu puerta de entrada al comercio electrónico!.,1,270000,Servicios > E-Commerce,"servicio,clientum"
,simple,SRV-CTM-0216,Diseño de sitio web corporativo,1,Diseño de sitios corporativos.,Diseño de sitios corporativos.,1,150000,Servicios > Desarrollo Web,"servicio,clientum"
,simple,SRV-CTM-0217,Plan Tienda Online Basico pagado cada 1 mes,1,Plan mensual tienda online marketplace.,Plan mensual tienda online marketplace.,1,100000,Servicios > E-Commerce,"servicio,clientum"
,simple,SRV-CTM-0218,Hasta 5 páginas: ¡Crea sitios web impresionantes con facilidad!,1,"Hasta 5 páginas plataforma de creación de contenido que permite crear y compartir documentos de hasta 5 páginas. interfaz intuitiva, diseño elegante y compatible con múltiples dispositivos.","Hasta 5 páginas plataforma de creación de contenido que permite crear y compartir documentos de hasta 5 páginas. interfaz intuitiva, diseño elegante y compatible con múltiples dispositivos.",1,265000,Servicios > Desarrollo Web,"servicio,clientum"
,simple,SRV-CTM-0219,Implementación Sitio Web Institucional,1,Implementación de sitio web institucional.,Implementación de sitio web institucional.,1,150000,Servicios > Desarrollo Web,"servicio,clientum"
,simple,SRV-CTM-0220,<strong>Ítem: La solución definitiva para tus necesidades</strong>,1,"Ítem: el compañero perfecto para tu vida diaria, diseñado para mejorar la productividad, reducir el estrés y brindar comodidad y conveniencia.","Ítem: el compañero perfecto para tu vida diaria, diseñado para mejorar la productividad, reducir el estrés y brindar comodidad y conveniencia.",1,300000,Servicios > Desarrollo Web,"servicio,clientum"
,simple,SRV-CTM-0221,Plan Básico Web: ¡Tu sitio web profesional al alcance de tu mano!,1,Plan básico web: tu aliado para una presencia digital sólida características: sitio web de una página dominio personalizado diseño responsivo optimización SEO soporte técnico beneficios: establece una presencia en línea.,Plan básico web: tu aliado para una presencia digital sólida características: sitio web de una página dominio personalizado diseño responsivo optimización SEO soporte técnico beneficios: establece una presencia en línea.,1,310000,Servicios > Desarrollo Web,"servicio,clientum"
,simple,SRV-CTM-0222,Plantillas prediseñadas: ¡Crea contenido impactante en minutos!,1,Plantillas predefinidas: la solución para optimizar tus proyectos.,Plantillas predefinidas: la solución para optimizar tus proyectos.,1,335000,Servicios > Desarrollo Web,"servicio,clientum"
,simple,SRV-CTM-0223,Diseño Personalizado Completo: Crea tu Propia Marca Única,1,"Diseño personalizado completo: creá tu propio mundo, a tu medida.","Diseño personalizado completo: creá tu propio mundo, a tu medida.",1,150000,Servicios > Desarrollo Web,"servicio,clientum"
,simple,SRV-CTM-0224,Implementación de ERP Oracle e-Business Suite,1,Implementación del erp oracle e-business suite.,Implementación del erp oracle e-business suite.,1,330000,Servicios > ERP,"servicio,clientum"
,simple,SRV-CTM-0225,Implementación de ERP Microsoft Dynamics 365,1,Soporte y mantenimiento de erp microsoft dynamics 365.,Soporte y mantenimiento de erp microsoft dynamics 365.,1,210000,Servicios > ERP,"servicio,clientum"
,simple,SRV-CTM-0226,Migración de ERP SAP a Odoo,1,Migración de erp sap a odoo.,Migración de erp sap a odoo.,1,1480000,Servicios > ERP,"servicio,clientum"
,simple,SRV-CTM-0227,Integración de ERP SAP con Herramientas de BI,1,Integración de erp sap con herramientas de bi.,Integración de erp sap con herramientas de bi.,1,1500000,Servicios > ERP,"servicio,clientum"
,simple,SRV-CTM-0228,Actualización De Versión CRM,1,Actualización de erp sap a última versión.,Actualización de erp sap a última versión.,1,160000,Servicios > CRM,"servicio,clientum"
,simple,SRV-CTM-0229,Desarrollo de software personalizado,1,Desarrollo de soluciones personalizadas para erp microsoft dynamics 365.,Desarrollo de soluciones personalizadas para erp microsoft dynamics 365.,1,325000,Servicios > ERP,"servicio,clientum"
,simple,SRV-CTM-0230,Implementación de ERP,1,Servicios de consultoría y despliegue de soluciones de gestión integral de procesos y recursos de negocio.,Servicios de consultoría y despliegue de soluciones de gestión integral de procesos y recursos de negocio.,1,1440000,Servicios > ERP,"servicio,clientum"
,simple,SRV-CTM-0231,Consultoría en Innovación Tecnológica,1,Innovación tecnológica.,Innovación tecnológica.,1,1420000,Servicios > ERP,"servicio,clientum"
,simple,SRV-CTM-0232,Servicios de Integración de ERP con otras Aplicaciones,1,Servicios de integración de sistemas erp con otras aplicaciones.,Servicios de integración de sistemas erp con otras aplicaciones.,1,315000,Servicios > ERP,"servicio,clientum"
,simple,SRV-CTM-0233,Transformación Digital Asistida,1,Asesoría en transformación digital y organizacional.,Asesoría en transformación digital y organizacional.,1,210000,Servicios > ERP,"servicio,clientum"
,simple,SRV-CTM-0235,Gestión de la cadena de suministro,1,"Servicios de consultoría y construcción de aplicaciones para optimizar, automatizar y hacer más eficiente la cadena de suministro.","Servicios de consultoría y construcción de aplicaciones para optimizar, automatizar y hacer más eficiente la cadena de suministro.",1,1335000,Servicios > ERP,"servicio,clientum"
,simple,SRV-CTM-0236,Project Management Platforms,1,Gestión de proyectos.,Gestión de proyectos.,1,1355000,Servicios > ERP,"servicio,clientum"
,simple,SRV-CTM-0237,Soporte Avanzado ERP,1,Soporte avanzado erp.,Soporte avanzado erp.,1,310000,Servicios > ERP,"servicio,clientum"
,simple,SRV-CTM-0238,Gestión de proyectos y portafolio,1,Gestión de proyectos con analítica y automatización.,Gestión de proyectos con analítica y automatización.,1,210000,Servicios > ERP,"servicio,clientum"
,simple,SRV-CTM-0239,Consultoría en experiencia del cliente,1,Optimización de la experiencia del cliente.,Optimización de la experiencia del cliente.,1,900000,Servicios > CRM,"servicio,clientum"
,simple,SRV-CTM-0240,Implementación de CRM,1,"Servicios de consultoría y despliegue de soluciones de gestión integral de relaciones con clientes, ventas y servicio al cliente.","Servicios de consultoría y despliegue de soluciones de gestión integral de relaciones con clientes, ventas y servicio al cliente.",1,225000,Servicios > CRM,"servicio,clientum"
,simple,SRV-CTM-0241,Gestión de la Producción,1,Supervisión de producción.,Supervisión de producción.,1,1255000,Servicios > ERP,"servicio,clientum"
,simple,SRV-CTM-0242,Optimización de Inventarios,1,Gestión y reabastecimiento de inventarios.,Gestión y reabastecimiento de inventarios.,1,1215000,Servicios > ERP,"servicio,clientum"
,simple,SRV-CTM-0243,Integración de Sistemas ERP,1,Integración de sistemas.,Integración de sistemas.,1,210000,Servicios > ERP,"servicio,clientum"
,simple,SRV-CTM-0244,Servicios de Certificación y Validación de ERP,1,Servicios de certificación y validación de sistemas erp.,Servicios de certificación y validación de sistemas erp.,1,305000,Servicios > ERP,"servicio,clientum"
,simple,SRV-CTM-0245,Gestión de Talento y RRHH,1,Solución de gestión del talento basada en ia.,Solución de gestión del talento basada en ia.,1,210000,Servicios > ERP,"servicio,clientum"
,simple,SRV-CTM-0246,ERP para Servicios,1,Servicios integrales de gestión y desarrollo del talento dentro de las organizaciones.,Servicios integrales de gestión y desarrollo del talento dentro de las organizaciones.,1,1195000,Servicios > ERP,"servicio,clientum"
,simple,SRV-CTM-0247,Integración ERP: Sincroniza tu tienda online y ERP para una gestión eficiente,1,Integración de la tienda en línea con el ERP de la empresa.,Integración de la tienda en línea con el ERP de la empresa.,1,295000,Servicios > ERP,"servicio,clientum"
,simple,SRV-CTM-0248,Implementación de ERP para Retail y Distribuidores,1,Erp para distribuidores y mayoristas.,Erp para distribuidores y mayoristas.,1,210000,Servicios > ERP,"servicio,clientum"
,simple,SRV-CTM-0249,Auditoría de sistemas,1,Servicios de auditoría y optimización de sistemas erp.,Servicios de auditoría y optimización de sistemas erp.,1,1130000,Servicios > ERP,"servicio,clientum"
,simple,SRV-CTM-0250,Gestión de Mantenimiento,1,Servicios de soporte y mantenimiento de sistemas erp.,Servicios de soporte y mantenimiento de sistemas erp.,1,1050000,Servicios > ERP,"servicio,clientum"
,simple,SRV-CTM-0251,Servicios de Integración de ERP Ecommerce,1,Servicios de integración de sistemas para ecommerce.,Servicios de integración de sistemas para ecommerce.,1,1070000,Servicios > ERP,"servicio,clientum"
,simple,SRV-CTM-0252,Implementación de CRM para Retail y Distribuidores,1,Crm especializado en distribuidores.,Crm especializado en distribuidores.,1,210000,Servicios > CRM,"servicio,clientum"
,simple,SRV-CTM-0253,ERP para Manufactura,1,Integración erp y crm para manufactura.,Integración erp y crm para manufactura.,1,210000,Servicios > ERP,"servicio,clientum"
,simple,SRV-CTM-0254,Soporte a Usuarios Clave CRM,1,Configuración de usuarios: la clave para una experiencia de usuario personalizada.,Configuración de usuarios: la clave para una experiencia de usuario personalizada.,1,785000,Servicios > CRM,"servicio,clientum"
,simple,SRV-CTM-0255,Gestión de Documentos,1,Servicios de creación de soluciones de gestión documental y archivo electrónico de información.,Servicios de creación de soluciones de gestión documental y archivo electrónico de información.,1,200000,Servicios > ERP,"servicio,clientum"
,simple,SRV-CTM-0256,ERP para Agroindustria,1,Integración erp y crm para agroindustria.,Integración erp y crm para agroindustria.,1,1030000,Servicios > ERP,"servicio,clientum"
,simple,SRV-CTM-0257,Asesoría en Cumplimiento Normativo,1,Políticas de cumplimiento.,Políticas de cumplimiento.,1,280000,Servicios > ERP,"servicio,clientum"
,simple,SRV-CTM-0258,Gestión de Calidad,1,Implementación de un sistema de gestión de calidad.,Implementación de un sistema de gestión de calidad.,1,275000,Servicios > ERP,"servicio,clientum"
,simple,SRV-CTM-0259,Consultoría Inicial para Servicios,1,Servicios de consultoría estratégica en sistemas erp.,Servicios de consultoría estratégica en sistemas erp.,1,965000,Servicios > ERP,"servicio,clientum"
,simple,SRV-CTM-0260,Implementación Básica: La solución integral para tu negocio,1,"Implementación básica: la base para el éxito de tu negocio. optimiza procesos, reduce costos, mejora la calidad y la satisfacción del cliente, y obtiene una ventaja competitiva.","Implementación básica: la base para el éxito de tu negocio. optimiza procesos, reduce costos, mejora la calidad y la satisfacción del cliente, y obtiene una ventaja competitiva.",1,990000,Servicios > ERP,"servicio,clientum"
,simple,SRV-CTM-0261,Gestión de Ventas,1,Seguimiento y gestión de ventas y clientes.,Seguimiento y gestión de ventas y clientes.,1,205000,Servicios > ERP,"servicio,clientum"
,simple,SRV-CTM-0262,Recursos humanos,1,Soluciones de rrhh con análisis de datos y machine learning.,Soluciones de rrhh con análisis de datos y machine learning.,1,270000,Servicios > ERP,"servicio,clientum"
,simple,SRV-CTM-0263,Plataforma de Administración de Propiedades,1,Gestión de propiedades inmobiliarias.,Gestión de propiedades inmobiliarias.,1,885000,Servicios > ERP,"servicio,clientum"
,simple,SRV-CTM-0264,Integración ERP y CRM para Retail y Distribuidores,1,Integración erp y crm para distribuidores.,Integración erp y crm para distribuidores.,1,640000,Servicios > CRM,"servicio,clientum"
,simple,SRV-CTM-0265,Plataforma de Facturación y Pagos,1,Automatización de facturación y pagos.,Automatización de facturación y pagos.,1,265000,Servicios > ERP,"servicio,clientum"
,simple,SRV-CTM-0266,Contabilidad y finanzas,1,"Servicios de contabilidad, finanzas y asesoría fiscal para empresas.","Servicios de contabilidad, finanzas y asesoría fiscal para empresas.",1,845000,Servicios > ERP,"servicio,clientum"
,simple,SRV-CTM-0267,Implementación de Soluciones de Gestión de Activos Intangibles: Optimiza y Protege tus Recursos Valiosos,1,Implementación de soluciones de gestión de activos intangibles: optimiza y protege tus recursos valiosos.,Implementación de soluciones de gestión de activos intangibles: optimiza y protege tus recursos valiosos.,1,205000,Servicios > ERP,"servicio,clientum"
,simple,SRV-CTM-0268,Implementación de Módulos de Gestión Empresarial a Medida,1,Servicios de creación y personalización de soluciones de gestión empresarial integradas.,Servicios de creación y personalización de soluciones de gestión empresarial integradas.,1,805000,Servicios > ERP,"servicio,clientum"
,simple,SRV-CTM-0269,Support for CRM,1,Soporte crm.,Soporte crm.,1,585000,Servicios > CRM,"servicio,clientum"
,simple,SRV-CTM-0270,Gestión de Compras,1,Sistemas de gestión de transporte.,Sistemas de gestión de transporte.,1,205000,Servicios > ERP,"servicio,clientum"
,simple,SRV-CTM-0271,Módulo de mantenimiento para Dolibarr,1,Integración erp y ecommerce.,Integración erp y ecommerce.,1,260000,Servicios > ERP,"servicio,clientum"
,simple,SRV-CTM-0272,Consultoría de Gestión para Distribuidores y Mayoristas,1,Consultoría de gestión para distribuidores y mayoristas.,Consultoría de gestión para distribuidores y mayoristas.,1,740000,Servicios > ERP,"servicio,clientum"
,simple,SRV-CTM-0273,Integración de Datos: Conecta y Unifica Tus Datos para Decisiones Informadas,1,Integración de datos: la clave para desbloquear el valor de tus datos.,Integración de datos: la clave para desbloquear el valor de tus datos.,1,765000,Servicios > ERP,"servicio,clientum"
,simple,SRV-CTM-0274,ERP y CRM,1,Integración de erp con crm.,Integración de erp con crm.,1,185000,Servicios > CRM,"servicio,clientum"
,simple,SRV-CTM-0275,Integración con Terceros: Conecta tu negocio con el mundo,1,Integración con plataformas de terceros: conecta tu negocio con el mundo.,Integración con plataformas de terceros: conecta tu negocio con el mundo.,1,205000,Servicios > ERP,"servicio,clientum"
,simple,SRV-CTM-0276,Gestión de Proveedores,1,Gestión de relaciones con clientes y proveedores.,Gestión de relaciones con clientes y proveedores.,1,205000,Servicios > ERP,"servicio,clientum"
,simple,SRV-CTM-0277,Evaluación de desempeño,1,"Análisis de desempeño del sistema: optimiza el rendimiento para el éxito. monitorea en tiempo real, analiza tendencias, diagnostica problemas y genera informes personalizados para mejorar el rendimiento, reducir costos,.","Análisis de desempeño del sistema: optimiza el rendimiento para el éxito. monitorea en tiempo real, analiza tendencias, diagnostica problemas y genera informes personalizados para mejorar el rendimiento, reducir costos,.",1,240000,Servicios > ERP,"servicio,clientum"
,simple,SRV-CTM-0278,Soluciones CRM,1,Infraestructura ti.,Infraestructura ti.,1,430000,Servicios > CRM,"servicio,clientum"
,simple,SRV-CTM-0279,Soporte Técnico ERP,1,Soporte técnico continuo.,Soporte técnico continuo.,1,620000,Servicios > ERP,"servicio,clientum"
,simple,SRV-CTM-0280,Evaluación Inicial de Sistemas: Diagnóstico y Optimización para un Rendimiento Óptimo,1,"Evaluación inicial de sistemas: solución integral para optimizar tus operaciones de TI, identificando áreas de mejora y brindando recomendaciones personalizadas.","Evaluación inicial de sistemas: solución integral para optimizar tus operaciones de TI, identificando áreas de mejora y brindando recomendaciones personalizadas.",1,240000,Servicios > ERP,"servicio,clientum"
,simple,SRV-CTM-0281,Mantenimiento Anual Básico: Protege tu inversión y optimiza el rendimiento de tu equipo,1,Mantenimiento anual básico: la tranquilidad de un hogar protegido.,Mantenimiento anual básico: la tranquilidad de un hogar protegido.,1,205000,Servicios > ERP,"servicio,clientum"
,simple,SRV-CTM-0282,Licencia de Usuario (x10): ¡Ampliá tu alcance y potenciá tu negocio!,1,Licencia de usuario (x10): ¡amplía tu alcance y potencia tu negocio!.,Licencia de usuario (x10): ¡amplía tu alcance y potencia tu negocio!.,1,660000,Servicios > ERP,"servicio,clientum"
,simple,SRV-CTM-0283,Plan de Contingencia: Guía esencial para la preparación ante emergencias,1,Plan de contingencia: tu escudo ante lo inesperado.,Plan de contingencia: tu escudo ante lo inesperado.,1,680000,Servicios > ERP,"servicio,clientum"
,simple,SRV-CTM-0284,Plataforma de Gestión de Flotas,1,Gestión eficiente de flotas de entrega.,Gestión eficiente de flotas de entrega.,1,535000,Servicios > ERP,"servicio,clientum"
,simple,SRV-CTM-0285,Software ERP,1,Gestión de proyectos de construcción.,Gestión de proyectos de construcción.,1,235000,Servicios > ERP,"servicio,clientum"
,simple,SRV-CTM-0286,Módulo CRM Básico: Gestioná tus clientes de forma eficiente,1,Módulo CRM básico: gestioná tus clientes de forma eficiente.,Módulo CRM básico: gestioná tus clientes de forma eficiente.,1,150000,Servicios > CRM,"servicio,clientum"
,simple,SRV-CTM-0287,Optimización de Operaciones Logísticas,1,Optimización de logística.,Optimización de logística.,1,230000,Servicios > ERP,"servicio,clientum"
,simple,SRV-CTM-0288,Optimización de Estrategias de Ventas,1,Optimización de producción.,Optimización de producción.,1,515000,Servicios > ERP,"servicio,clientum"
,simple,SRV-CTM-0289,5 usuarios: la solución perfecta para equipos pequeños y medianos,1,5 usuarios: la solución integral para la gestión de equipos.,5 usuarios: la solución integral para la gestión de equipos.,1,200000,Servicios > ERP,"servicio,clientum"
,simple,SRV-CTM-0290,Control de Pedidos,1,Seguimiento de pedidos: ¡monitoreá tus envíos en tiempo real!.,Seguimiento de pedidos: ¡monitoreá tus envíos en tiempo real!.,1,215000,Servicios > ERP,"servicio,clientum"
,simple,SRV-CTM-0291,Fidelización de Clientes,1,Fidelización de clientes.,Fidelización de clientes.,1,150000,Servicios > CRM,"servicio,clientum"
,simple,SRV-CTM-0292,Gestión de Órdenes de Trabajo,1,Gestión de órdenes de trabajo.,Gestión de órdenes de trabajo.,1,375000,Servicios > ERP,"servicio,clientum"
,simple,SRV-CTM-0293,Seguimiento de Tiempos y Costos,1,Seguimiento de tiempos y costos.,Seguimiento de tiempos y costos.,1,395000,Servicios > ERP,"servicio,clientum"
,simple,SRV-CTM-0294,Implementación de ERP y CRM para pymes: Optimiza tus procesos y crece,1,Implementación básica de ERP y CRM para pymes: la solución integral para el crecimiento empresarial.,Implementación básica de ERP y CRM para pymes: la solución integral para el crecimiento empresarial.,1,150000,Servicios > CRM,"servicio,clientum"
,simple,SRV-CTM-0295,Integración de Módulos ERP: Amplía las Funcionalidades de tu Sistema,1,"Integración de módulos adicionales: optimiza tus operaciones con conectividad perfecta, automatización de procesos y personalización flexible.","Integración de módulos adicionales: optimiza tus operaciones con conectividad perfecta, automatización de procesos y personalización flexible.",1,220000,Servicios > ERP,"servicio,clientum"
,simple,SRV-CTM-0296,Adaptación a Cambios Regulatorios: Mantente al día con las últimas normativas,1,Adaptación a cambios regulatorios: navegando el panorama regulatorio en constante evolución.,Adaptación a cambios regulatorios: navegando el panorama regulatorio en constante evolución.,1,435000,Servicios > ERP,"servicio,clientum"
,simple,SRV-CTM-0297,"Gestión Avanzada de Datos: Centraliza, Analiza y Automatiza tus Procesos para el Éxito Empresarial",1,"Gestión avanzada de datos: centraliza, estandariza, procesa, analiza y visualiza datos para mejorar la toma de decisiones, la eficiencia y la ventaja competitiva.","Gestión avanzada de datos: centraliza, estandariza, procesa, analiza y visualiza datos para mejorar la toma de decisiones, la eficiencia y la ventaja competitiva.",1,455000,Servicios > ERP,"servicio,clientum"
,simple,SRV-CTM-0298,Servicios de Migración de ERP: La clave para una transformación empresarial sin problemas,1,Servicios de migración de sistemas ERP: la clave para una transformación empresarial sin problemas.,Servicios de migración de sistemas ERP: la clave para una transformación empresarial sin problemas.,1,475000,Servicios > ERP,"servicio,clientum"
,simple,SRV-CTM-0299,Online Learning Platforms,1,Plataformas de aprendizaje en línea.,Plataformas de aprendizaje en línea.,1,45000,Servicios > Capacitación,"servicio,clientum"
,simple,SRV-CTM-0300,Gestión de Proyectos Ágiles,1,Solución de gestión de proyectos ágiles con ia.,Solución de gestión de proyectos ágiles con ia.,1,45000,Servicios > Capacitación,"servicio,clientum"
,simple,SRV-CTM-0301,Capacitación en Desarrollo Web,1,Desarrollo de competencias digitales.,Desarrollo de competencias digitales.,1,200000,Servicios > Capacitación,"servicio,clientum"
,simple,SRV-CTM-0302,Consultoría en Estrategia de TI,1,Estrategia de ti.,Estrategia de ti.,1,200000,Servicios > Capacitación,"servicio,clientum"
,simple,SRV-CTM-0303,Formación en UX/UI Design,1,Formación en ux/ui design.,Formación en ux/ui design.,1,200000,Servicios > Capacitación,"servicio,clientum"
,simple,SRV-CTM-0304,Technology Training,1,Formación tecnológica.,Formación tecnológica.,1,185000,Servicios > Capacitación,"servicio,clientum"
,simple,SRV-CTM-0305,Capacitación en Procesos de Negocio para ERP Odoo,1,Capacitación en procesos de negocio para erp odoo.,Capacitación en procesos de negocio para erp odoo.,1,185000,Servicios > Capacitación,"servicio,clientum"
,simple,SRV-CTM-0306,Capacitación en Análisis de Datos,1,Capacitación en analítica de datos.,Capacitación en analítica de datos.,1,185000,Servicios > Capacitación,"servicio,clientum"
,simple,SRV-CTM-0307,Cursos en Tecnologías Digitales,1,"Servicios de capacitación especializada en herramientas, técnicas y tendencias tecnológicas.","Servicios de capacitación especializada en herramientas, técnicas y tendencias tecnológicas.",1,170000,Servicios > Capacitación,"servicio,clientum"
,simple,SRV-CTM-0308,Plataforma E-Learning,1,Mantenimiento de e-learning.,Mantenimiento de e-learning.,1,170000,Servicios > Capacitación,"servicio,clientum"
,simple,SRV-CTM-0309,Talleres y Seminarios,1,Talleres sobre nuevas tecnologías.,Talleres sobre nuevas tecnologías.,1,30000,Servicios > Capacitación,"servicio,clientum"
,simple,SRV-CTM-0310,Capacitación en Marketing Digital,1,Capacitación en marketing digital.,Capacitación en marketing digital.,1,30000,Servicios > Capacitación,"servicio,clientum"
,simple,SRV-CTM-0311,Capacitación en Uso de CRM,1,Capacitación en crm.,Capacitación en crm.,1,170000,Servicios > Capacitación,"servicio,clientum"
,simple,SRV-CTM-0312,Capacitación empresarial,1,Servicios de capacitación y entrenamiento corporativo.,Servicios de capacitación y entrenamiento corporativo.,1,30000,Servicios > Capacitación,"servicio,clientum"
,simple,SRV-CTM-0313,Capacitación en Ciberseguridad,1,Capacitación en ciberseguridad.,Capacitación en ciberseguridad.,1,140000,Servicios > Capacitación,"servicio,clientum"
,simple,SRV-CTM-0314,Talleres de Capacitación en Gestión,1,Capacitación en herramientas de gestión.,Capacitación en herramientas de gestión.,1,140000,Servicios > Capacitación,"servicio,clientum"
,simple,SRV-CTM-0315,Servicios de capacitación,1,Servicios de capacitación y entrenamiento para el desarrollo de competencias del personal.,Servicios de capacitación y entrenamiento para el desarrollo de competencias del personal.,1,140000,Servicios > Capacitación,"servicio,clientum"
,simple,SRV-CTM-0316,Capacitación y formación,1,Servicios de capacitación en habilidades y competencias para la transformación digital.,Servicios de capacitación en habilidades y competencias para la transformación digital.,1,120000,Servicios > Capacitación,"servicio,clientum"
,simple,SRV-CTM-0317,Capacitación en liderazgo y gestión de equipos,1,Capacitación en liderazgo.,Capacitación en liderazgo.,1,120000,Servicios > Capacitación,"servicio,clientum"
,simple,SRV-CTM-0318,Workshops and Seminars,1,Talleres y seminarios.,Talleres y seminarios.,1,105000,Servicios > Capacitación,"servicio,clientum"
,simple,SRV-CTM-0319,Formación de Usuarios Avanzada: Domina tus habilidades y lleva tu productividad al siguiente nivel,1,Capacitación de usuarios avanzada: domina tus herramientas y potencia tu productividad.,Capacitación de usuarios avanzada: domina tus herramientas y potencia tu productividad.,1,105000,Servicios > Capacitación,"servicio,clientum"
,simple,SRV-CTM-0320,Capacitación en inteligencia artificial,1,Capacitación en ia.,Capacitación en ia.,1,120000,Servicios > Capacitación,"servicio,clientum"
,simple,SRV-CTM-0321,Capacitación en habilidades blandas,1,"Capacitación inicial: ¡tu puerta de entrada al mundo del éxito profesional! cursos prácticos, instructores expertos, aprendizaje flexible y certificación reconocida para mejorar tus habilidades, avanzar en tu carrera y a.","Capacitación inicial: ¡tu puerta de entrada al mundo del éxito profesional! cursos prácticos, instructores expertos, aprendizaje flexible y certificación reconocida para mejorar tus habilidades, avanzar en tu carrera y a.",1,35000,Servicios > Capacitación,"servicio,clientum"
,simple,SRV-CTM-0322,Taller de emprendimiento,1,Taller práctico de capacitación en emprendimiento.,Taller práctico de capacitación en emprendimiento.,1,105000,Servicios > Capacitación,"servicio,clientum"
,simple,SRV-CTM-0323,Plataforma de Aprendizaje en Línea,1,Cursos y recursos educativos en línea.,Cursos y recursos educativos en línea.,1,35000,Servicios > Capacitación,"servicio,clientum"
,simple,SRV-CTM-0324,Formación en idiomas,1,Cursos de aprendizaje de idiomas a distancia a través de una plataforma online.,Cursos de aprendizaje de idiomas a distancia a través de una plataforma online.,1,90000,Servicios > Capacitación,"servicio,clientum"
,simple,SRV-CTM-0325,Capacitación básica en CMS: Domina los fundamentos para gestionar tu sitio web,1,"Capacitación integral en gestión web para crear y administrar sitios web profesionales, impulsar el crecimiento digital y desarrollar habilidades valiosas.","Capacitación integral en gestión web para crear y administrar sitios web profesionales, impulsar el crecimiento digital y desarrollar habilidades valiosas.",1,30000,Servicios > Capacitación,"servicio,clientum"
,simple,SRV-CTM-0326,Capacitación Integral en E-Commerce: Domina el Comercio Electrónico y Potencia tu Negocio,1,Capacitación integral en e-commerce: tu puerta de entrada al éxito en el comercio electrónico.,Capacitación integral en e-commerce: tu puerta de entrada al éxito en el comercio electrónico.,1,70000,Servicios > Capacitación,"servicio,clientum"
,simple,SRV-CTM-0327,Capacitación básica: el primer paso para tu éxito profesional,1,"Capacitación básica: la clave para el éxito profesional. cursos en línea y presenciales, instructores expertos, material interactivo y certificación reconocida. mejora tus habilidades, avanza en tu carrera, gana confianz.","Capacitación básica: la clave para el éxito profesional. cursos en línea y presenciales, instructores expertos, material interactivo y certificación reconocida. mejora tus habilidades, avanza en tu carrera, gana confianz.",1,75000,Servicios > Capacitación,"servicio,clientum"
,simple,SRV-CTM-0328,Capacitación y Entrenamiento en ERP: Maximiza la Adopción y Aprovechamiento de tu Sistema,1,Servicios de capacitación y entrenamiento en sistemas erp.,Servicios de capacitación y entrenamiento en sistemas erp.,1,80000,Servicios > Capacitación,"servicio,clientum"
,simple,SRV-CTM-0329,Personalización de Experiencias en Tiempo Real,1,Personalización en tiempo real.,Personalización en tiempo real.,1,85000,Servicios > Marketing Digital,"servicio,clientum"
,simple,SRV-CTM-0330,Servicio de Desarrollo de Programa de Afiliación: Aumenta el Tráfico y las Ventas de tu Ecommerce,1,Servicio de desarrollo de programa de afiliación para e-commerce: impulsa tu negocio online con alianzas estratégicas.,Servicio de desarrollo de programa de afiliación para e-commerce: impulsa tu negocio online con alianzas estratégicas.,1,85000,Servicios > Marketing Digital,"servicio,clientum"
,simple,SRV-CTM-0331,Segmentación Avanzada para Estrategias de Marketing,1,Servicio de email marketing para ecommerce: tu aliado para conectar con tus clientes.,Servicio de email marketing para ecommerce: tu aliado para conectar con tus clientes.,1,600000,Servicios > Marketing Digital,"servicio,clientum"
,simple,SRV-CTM-0332,Recomendaciones de Productos Personalizadas,1,Recomendaciones personalizadas.,Recomendaciones personalizadas.,1,85000,Servicios > Marketing Digital,"servicio,clientum"
,simple,SRV-CTM-0333,Content Creation and Management,1,Gestión de contenido.,Gestión de contenido.,1,600000,Servicios > Marketing Digital,"servicio,clientum"
,simple,SRV-CTM-0334,Campaña de publicidad,1,Implementación de campañas de publicidad display para generar visibilidad y tráfico web.,Implementación de campañas de publicidad display para generar visibilidad y tráfico web.,1,600000,Servicios > Marketing Digital,"servicio,clientum"
,simple,SRV-CTM-0335,SEO Basic Package,1,Seo avanzado.,Seo avanzado.,1,125000,Servicios > Marketing Digital,"servicio,clientum"
,simple,SRV-CTM-0336,Social Media Management,1,Ejecución de campañas de social media para aumentar la visibilidad y interacción de la marca.,Ejecución de campañas de social media para aumentar la visibilidad y interacción de la marca.,1,125000,Servicios > Marketing Digital,"servicio,clientum"
,simple,SRV-CTM-0337,Graphic Design Services,1,Diseño gráfico personalizado.,Diseño gráfico personalizado.,1,600000,Servicios > Marketing Digital,"servicio,clientum"
,simple,SRV-CTM-0338,Diseño gráfico,1,"Servicios de creación de diseños gráficos, piezas de publicidad y materiales corporativos.","Servicios de creación de diseños gráficos, piezas de publicidad y materiales corporativos.",1,600000,Servicios > Marketing Digital,"servicio,clientum"
,simple,SRV-CTM-0339,Filmación de video corporativo,1,"Producción de videos corporativos para fines de comunicación, marketing y promoción.","Producción de videos corporativos para fines de comunicación, marketing y promoción.",1,600000,Servicios > Marketing Digital,"servicio,clientum"
,simple,SRV-CTM-0340,Generación De Leads,1,Herramienta de generación de contenidos.,Herramienta de generación de contenidos.,1,125000,Servicios > Marketing Digital,"servicio,clientum"
,simple,SRV-CTM-0341,Estrategia de SEO,1,Optimización del posicionamiento web orgánico para aumentar la visibilidad y tráfico.,Optimización del posicionamiento web orgánico para aumentar la visibilidad y tráfico.,1,530000,Servicios > Marketing Digital,"servicio,clientum"
,simple,SRV-CTM-0342,Servicios de Marketing Multicanal Ecommerce,1,Servicios de estrategia de marketing digital para ecommerce.,Servicios de estrategia de marketing digital para ecommerce.,1,125000,Servicios > Marketing Digital,"servicio,clientum"
,simple,SRV-CTM-0343,Animación 2D,1,Producción de animaciones 2D para comunicar mensajes de marca de manera creativa.,Producción de animaciones 2D para comunicar mensajes de marca de manera creativa.,1,530000,Servicios > Marketing Digital,"servicio,clientum"
,simple,SRV-CTM-0344,Producción de video,1,Creación de un programa de podcast para ofrecer contenido de valor a los oyentes.,Creación de un programa de podcast para ofrecer contenido de valor a los oyentes.,1,505000,Servicios > Marketing Digital,"servicio,clientum"
,simple,SRV-CTM-0345,Automatización de Campañas de Marketing,1,Servicios de automatización de marketing para ecommerce.,Servicios de automatización de marketing para ecommerce.,1,480000,Servicios > Marketing Digital,"servicio,clientum"
,simple,SRV-CTM-0346,Diseño de identidad de marca,1,Diseño de la identidad visual de una marca para fortalecer su posicionamiento.,Diseño de la identidad visual de una marca para fortalecer su posicionamiento.,1,505000,Servicios > Marketing Digital,"servicio,clientum"
,simple,SRV-CTM-0347,Servicio de SEO,1,Servicio de optimización seo para mejorar el posicionamiento web.,Servicio de optimización seo para mejorar el posicionamiento web.,1,505000,Servicios > Marketing Digital,"servicio,clientum"
,simple,SRV-CTM-0348,Keyword Optimization for SEO,1,Optimización de palabras clave.,Optimización de palabras clave.,1,410000,Servicios > Marketing Digital,"servicio,clientum"
,simple,SRV-CTM-0349,Marketing Digital con IA,1,Servicios de consultoría en estrategia y ejecución de marketing digital.,Servicios de consultoría en estrategia y ejecución de marketing digital.,1,410000,Servicios > Marketing Digital,"servicio,clientum"
,simple,SRV-CTM-0350,Optimización Seo,1,Servicio de optimización de seo para posicionamiento web.,Servicio de optimización de seo para posicionamiento web.,1,435000,Servicios > Marketing Digital,"servicio,clientum"
,simple,SRV-CTM-0351,Gestión de Redes Sociales,1,Planificación y gestión de la estrategia de redes sociales de una empresa.,Planificación y gestión de la estrategia de redes sociales de una empresa.,1,435000,Servicios > Marketing Digital,"servicio,clientum"
,simple,SRV-CTM-0352,Campañas SEM,1,Plataforma de gestión de campañas de marketing con ia.,Plataforma de gestión de campañas de marketing con ia.,1,80000,Servicios > Marketing Digital,"servicio,clientum"
,simple,SRV-CTM-0353,Posicionamiento SEO,1,"Servicio de optimización SEO para e-commerce que mejora la visibilidad, atrae tráfico calificado, aumenta las conversiones y genera un retorno de la inversión.","Servicio de optimización SEO para e-commerce que mejora la visibilidad, atrae tráfico calificado, aumenta las conversiones y genera un retorno de la inversión.",1,80000,Servicios > Marketing Digital,"servicio,clientum"
,simple,SRV-CTM-0354,Campañas de Marketing para Ecommerce: Atrae y Fideliza Clientes en Línea,1,Campañas de marketing para ecommerce: impulsa tu negocio online.,Campañas de marketing para ecommerce: impulsa tu negocio online.,1,80000,Servicios > Marketing Digital,"servicio,clientum"
,simple,SRV-CTM-0355,Video Spot Publicitario Básico,1,Video spot publicitario.,Video spot publicitario.,1,480000,Servicios > Marketing Digital,"servicio,clientum"
,simple,SRV-CTM-0356,Identificación de leads calificados,1,Identificación de leads.,Identificación de leads.,1,480000,Servicios > Marketing Digital,"servicio,clientum"
,simple,SRV-CTM-0357,Copywriting,1,Servicio de gestión de contenidos y copywriting para ecommerce.,Servicio de gestión de contenidos y copywriting para ecommerce.,1,410000,Servicios > Marketing Digital,"servicio,clientum"
,simple,SRV-CTM-0358,Servicios de Implementación de Cupones y Promociones Ecommerce,1,Servicios de implementación de cupones y promociones para ecommerce.,Servicios de implementación de cupones y promociones para ecommerce.,1,385000,Servicios > Marketing Digital,"servicio,clientum"
,simple,SRV-CTM-0359,Video promocional,1,"Creación de contenido audiovisual para promocionar una marca, producto o servicio.","Creación de contenido audiovisual para promocionar una marca, producto o servicio.",1,385000,Servicios > Marketing Digital,"servicio,clientum"
,simple,SRV-CTM-0360,Desarrollo de Contenido para Ecommerce: Mejora el Engagement y la Experiencia del Cliente,1,Generación de contenido para tiendas virtuales.,Generación de contenido para tiendas virtuales.,1,385000,Servicios > Marketing Digital,"servicio,clientum"
,simple,SRV-CTM-0361,Creación de contenido,1,Desarrollo de contenidos estratégicos para atraer y fidelizar a la audiencia.,Desarrollo de contenidos estratégicos para atraer y fidelizar a la audiencia.,1,340000,Servicios > Marketing Digital,"servicio,clientum"
,simple,SRV-CTM-0362,Diseño de empaques,1,Diseño de empaques y etiquetas para resaltar la presencia de los productos en el mercado.,Diseño de empaques y etiquetas para resaltar la presencia de los productos en el mercado.,1,105000,Servicios > Marketing Digital,"servicio,clientum"
,simple,SRV-CTM-0363,Campaña de Remarketing: Recupera clientes potenciales y aumenta tus ventas,1,Servicio de campaña de remarketing para ecommerce.,Servicio de campaña de remarketing para ecommerce.,1,105000,Servicios > Marketing Digital,"servicio,clientum"
,simple,SRV-CTM-0364,Email Marketing con IA,1,Servicio de email marketing para campañas efectivas.,Servicio de email marketing para campañas efectivas.,1,315000,Servicios > Marketing Digital,"servicio,clientum"
,simple,SRV-CTM-0365,Auditoría SEO,1,Evaluación y optimización del posicionamiento en buscadores.,Evaluación y optimización del posicionamiento en buscadores.,1,315000,Servicios > Marketing Digital,"servicio,clientum"
,simple,SRV-CTM-0366,Campañas de Google Ads,1,Campaña de google ads: impulsa tu negocio a nuevas alturas.,Campaña de google ads: impulsa tu negocio a nuevas alturas.,1,340000,Servicios > Marketing Digital,"servicio,clientum"
,simple,SRV-CTM-0367,Diseño de imagen de marca,1,Servicio de diseño de imagen de marca completa.,Servicio de diseño de imagen de marca completa.,1,340000,Servicios > Marketing Digital,"servicio,clientum"
,simple,SRV-CTM-0368,Plataforma de Gestión de Afiliados,1,Publicidad y promoción en plataformas de comercio electrónico.,Publicidad y promoción en plataformas de comercio electrónico.,1,290000,Servicios > Marketing Digital,"servicio,clientum"
,simple,SRV-CTM-0369,Edición de video,1,Servicio de post-producción de videos corporativos y de marketing.,Servicio de post-producción de videos corporativos y de marketing.,1,315000,Servicios > Marketing Digital,"servicio,clientum"
,simple,SRV-CTM-0370,Diseño de material impreso,1,Servicio de diseño de material impreso corporativo y de marketing.,Servicio de diseño de material impreso corporativo y de marketing.,1,80000,Servicios > Marketing Digital,"servicio,clientum"
,simple,SRV-CTM-0371,Campaña publicitaria en Facebook e Instagram,1,"Servicio de publicidad en facebook ads para llegar a tu público objetivo, generar clientes potenciales y aumentar las ventas.","Servicio de publicidad en facebook ads para llegar a tu público objetivo, generar clientes potenciales y aumentar las ventas.",1,290000,Servicios > Marketing Digital,"servicio,clientum"
,simple,SRV-CTM-0372,Diseño de infografía,1,Servicio de fotografía de productos para catálogos y ecommerce.,Servicio de fotografía de productos para catálogos y ecommerce.,1,80000,Servicios > Marketing Digital,"servicio,clientum"
,simple,SRV-CTM-0373,Retoque fotográfico,1,Servicio de retoque y edición avanzada de fotografías.,Servicio de retoque y edición avanzada de fotografías.,1,80000,Servicios > Marketing Digital,"servicio,clientum"
,simple,SRV-CTM-0374,Gestión de Anuncios Facebook,1,Gestión de anuncios y creación de contenido básico facebook.,Gestión de anuncios y creación de contenido básico facebook.,1,245000,Servicios > Marketing Digital,"servicio,clientum"
,simple,SRV-CTM-0375,Diseño de logotipo,1,Servicio de diseño profesional de logotipos.,Servicio de diseño profesional de logotipos.,1,245000,Servicios > Marketing Digital,"servicio,clientum"
,simple,SRV-CTM-0376,Diseño de folleto,1,Diseño de piezas gráficas impresas para marketing.,Diseño de piezas gráficas impresas para marketing.,1,245000,Servicios > Marketing Digital,"servicio,clientum"
,simple,SRV-CTM-0377,Análisis De Datos De Marketing,1,Solución de análisis de atribución de marketing con ia.,Solución de análisis de atribución de marketing con ia.,1,220000,Servicios > Marketing Digital,"servicio,clientum"
,simple,SRV-CTM-0378,Lead Scoring con IA,1,Solución de lead scoring basada en ia.,Solución de lead scoring basada en ia.,1,220000,Servicios > Marketing Digital,"servicio,clientum"
,simple,SRV-CTM-0379,Diseño de presentación,1,Desarrollo de presentaciones empresariales cautivadoras.,Desarrollo de presentaciones empresariales cautivadoras.,1,220000,Servicios > Marketing Digital,"servicio,clientum"
,simple,SRV-CTM-0380,Optimización SEO Completa: Mejora tu visibilidad online y aumenta tus ventas,1,"Optimización SEO completa: la clave para el éxito en línea. mejora tu visibilidad, atrae tráfico calificado y aumenta las conversiones con nuestra solución integral de SEO.","Optimización SEO completa: la clave para el éxito en línea. mejora tu visibilidad, atrae tráfico calificado y aumenta las conversiones con nuestra solución integral de SEO.",1,195000,Servicios > Marketing Digital,"servicio,clientum"
,simple,SRV-CTM-0381,"Servicio de Gestión de Contenidos para Ecommerce: Planificación, Creación y Optimización SEO",1,"Servicio de gestión de campañas de publicidad digital para ecommerce: gestión integral, segmentación precisa, análisis avanzado, automatización y reportes detallados para potenciar tu negocio online.","Servicio de gestión de campañas de publicidad digital para ecommerce: gestión integral, segmentación precisa, análisis avanzado, automatización y reportes detallados para potenciar tu negocio online.",1,195000,Servicios > Marketing Digital,"servicio,clientum"
,simple,SRV-CTM-0382,Colaboración y Trabajo Remoto,1,"Servicios de consultoría y construcción de soluciones de gestión de proyectos, comunicación, seguimiento de tareas y trabajo remoto para mejorar la productividad y coordinación de equipos.","Servicios de consultoría y construcción de soluciones de gestión de proyectos, comunicación, seguimiento de tareas y trabajo remoto para mejorar la productividad y coordinación de equipos.",1,85000,Servicios > Comunicación,"servicio,clientum"
,simple,SRV-CTM-0383,Plataformas de Comunicación,1,Colaboración en línea.,Colaboración en línea.,1,50000,Servicios > Comunicación,"servicio,clientum"
,simple,SRV-CTM-0384,Implementación de Sistemas de Telefonía IP,1,"Servicios de consultoría y desarrollo de soluciones de trabajo remoto, comunicación y coordinación.","Servicios de consultoría y desarrollo de soluciones de trabajo remoto, comunicación y coordinación.",1,300000,Servicios > Comunicación,"servicio,clientum"
,simple,SRV-CTM-0385,Plataforma de Gestión de Eventos Virtuales,1,Gestión de eventos virtuales.,Gestión de eventos virtuales.,1,70000,Servicios > Comunicación,"servicio,clientum"
,simple,SRV-CTM-0386,Videoconferencias Seguras y Eficientes,1,Videoconferencias seguras.,Videoconferencias seguras.,1,50000,Servicios > Comunicación,"servicio,clientum"
,simple,SRV-CTM-0387,Mantenimiento de Sistemas de Videoconferencia,1,Mantenimiento de videoconferencias.,Mantenimiento de videoconferencias.,1,155000,Servicios > Comunicación,"servicio,clientum"
,simple,SRV-CTM-0388,Optimización de redes corporativas,1,Optimización de redes.,Optimización de redes.,1,105000,Servicios > Comunicación,"servicio,clientum"
,simple,SRV-CTM-0389,Hosting Corporativo,1,Hosting corporativo.,Hosting corporativo.,1,20000,Servicios > Hosting e Infraestructura,"servicio,clientum"
,simple,SRV-CTM-0390,Soluciones de Hosting Confiables y Seguras,1,Soluciones de hosting.,Soluciones de hosting.,1,30000,Servicios > Hosting e Infraestructura,"servicio,clientum"
,simple,SRV-CTM-0391,Servidor Virtual Privado,1,Vps para hosting web.,Vps para hosting web.,1,20000,Servicios > Hosting e Infraestructura,"servicio,clientum"
,simple,SRV-CTM-0392,Alojamiento web,1,Servicios de hospedaje y administración de infraestructura web para empresas.,Servicios de hospedaje y administración de infraestructura web para empresas.,1,25000,Servicios > Hosting e Infraestructura,"servicio,clientum"
,simple,SRV-CTM-0393,VPS Hosting,1,Alojamiento en vps.,Alojamiento en vps.,1,25000,Servicios > Hosting e Infraestructura,"servicio,clientum"
,simple,SRV-CTM-0394,Web Hosting Maintenance,1,Mantenimiento de hosting web.,Mantenimiento de hosting web.,1,25000,Servicios > Hosting e Infraestructura,"servicio,clientum"
,simple,SRV-CTM-0395,Migración de Hosting,1,Migración de hosting.,Migración de hosting.,1,25000,Servicios > Hosting e Infraestructura,"servicio,clientum"
,simple,SRV-CTM-0396,Gestión De Dominios,1,Hosting y dominios para empresas.,Hosting y dominios para empresas.,1,25000,Servicios > Hosting e Infraestructura,"servicio,clientum"
,simple,SRV-CTM-0397,Hosting Web Profesional,1,Alojamiento web profesional.,Alojamiento web profesional.,1,25000,Servicios > Hosting e Infraestructura,"servicio,clientum"
,simple,SRV-CTM-0398,Web Hosting Starter,1,Alojamiento web básico.,Alojamiento web básico.,1,20000,Servicios > Hosting e Infraestructura,"servicio,clientum"
,simple,SRV-CTM-0399,Hosting seguro,1,Hosting web seguro.,Hosting web seguro.,1,20000,Servicios > Hosting e Infraestructura,"servicio,clientum"
,simple,SRV-CTM-0400,Hosting Básico,1,Hosting básico con 10 gb y 100 gb ancho.,Hosting básico con 10 gb y 100 gb ancho.,1,20000,Servicios > Hosting e Infraestructura,"servicio,clientum"
,simple,SRV-CTM-0401,Registro y pago anual de un dominio .com,1,Registro de dominio.,Registro de dominio.,1,25000,Servicios > Hosting e Infraestructura,"servicio,clientum"
,simple,SRV-CTM-0402,Soluciones Para Servicios,1,"Servicios de consultoría y construcción de soluciones de realidad extendida para la visualización 3D de proyectos, la colaboración remota y la capacitación de trabajadores en entornos de construcción.","Servicios de consultoría y construcción de soluciones de realidad extendida para la visualización 3D de proyectos, la colaboración remota y la capacitación de trabajadores en entornos de construcción.",1,155000,Servicios > Soluciones por Industria,"servicio,clientum"
,simple,SRV-CTM-0403,Internet of Things (IoT),1,"Servicios de creación de soluciones de internet of things para automatización, monitoreo y control.","Servicios de creación de soluciones de internet of things para automatización, monitoreo y control.",1,900000,Servicios > Soluciones por Industria,"servicio,clientum"
,simple,SRV-CTM-0404,Implementación de soluciones de IoT,1,"Servicios de consultoría y despliegue de soluciones de analítica avanzada de big data para optimizar la eficiencia operacional, la calidad y el mantenimiento predictivo en procesos de manufactura.","Servicios de consultoría y despliegue de soluciones de analítica avanzada de big data para optimizar la eficiencia operacional, la calidad y el mantenimiento predictivo en procesos de manufactura.",1,875000,Servicios > Soluciones por Industria,"servicio,clientum"
,simple,SRV-CTM-0405,Realidad aumentada y virtual,1,Realidad aumentada y virtual.,Realidad aumentada y virtual.,1,850000,Servicios > Soluciones por Industria,"servicio,clientum"
,simple,SRV-CTM-0407,Consultoría en Blockchain,1,"Servicios de consultoría y construcción de aplicaciones blockchain para la automatización de procesos, gestión de contratos y validación de transacciones en la cadena de suministro.","Servicios de consultoría y construcción de aplicaciones blockchain para la automatización de procesos, gestión de contratos y validación de transacciones en la cadena de suministro.",1,825000,Servicios > Soluciones por Industria,"servicio,clientum"
,simple,SRV-CTM-0408,Gestión para Distribuidores y Mayoristas,1,Gestión logística y de stock para distribuidores.,Gestión logística y de stock para distribuidores.,1,155000,Servicios > Soluciones por Industria,"servicio,clientum"
,simple,SRV-CTM-0409,Control para Agroindustria,1,Control de costos para agroindustria.,Control de costos para agroindustria.,1,155000,Servicios > Soluciones por Industria,"servicio,clientum"
,simple,SRV-CTM-0410,Integración para Minoristas,1,Integración de ecommerce para minoristas.,Integración de ecommerce para minoristas.,1,770000,Servicios > Soluciones por Industria,"servicio,clientum"
,simple,SRV-CTM-0411,Optimización para Manufactura,1,Optimización de procesos para minoristas.,Optimización de procesos para minoristas.,1,210000,Servicios > Soluciones por Industria,"servicio,clientum"
,simple,SRV-CTM-0412,Desarrollo de soluciones de tecnología financiera (FinTech),1,Soluciones fintech.,Soluciones fintech.,1,205000,Servicios > Soluciones por Industria,"servicio,clientum"
,simple,SRV-CTM-0414,Soporte Operativo Anual para Minoristas,1,Soporte operativo anual para minoristas.,Soporte operativo anual para minoristas.,1,155000,Servicios > Soluciones por Industria,"servicio,clientum"
,simple,SRV-CTM-0415,Desarrollo de soluciones de telemedicina,1,Desarrollo de soluciones de telemedicina.,Desarrollo de soluciones de telemedicina.,1,200000,Servicios > Soluciones por Industria,"servicio,clientum"
,simple,SRV-CTM-0416,Auditoría de Sistemas para Minoristas,1,Auditoría de sistemas para minoristas.,Auditoría de sistemas para minoristas.,1,670000,Servicios > Soluciones por Industria,"servicio,clientum"
,simple,SRV-CTM-0417,Evaluación de Estrategias de Mercado para Minoristas,1,Desarrollo de estrategias de expansión para minoristas.,Desarrollo de estrategias de expansión para minoristas.,1,195000,Servicios > Soluciones por Industria,"servicio,clientum"
,simple,SRV-CTM-0418,Consultoría en sostenibilidad y responsabilidad social,1,Consultoría en sostenibilidad.,Consultoría en sostenibilidad.,1,645000,Servicios > Soluciones por Industria,"servicio,clientum"
,simple,SRV-CTM-0419,Capacitación en Gestión para Minoristas,1,Capacitación en gestión para minoristas.,Capacitación en gestión para minoristas.,1,620000,Servicios > Soluciones por Industria,"servicio,clientum"
,simple,SRV-CTM-0420,Consultoría Inicial para Minoristas,1,Consultoría en desarrollo de productos.,Consultoría en desarrollo de productos.,1,595000,Servicios > Soluciones por Industria,"servicio,clientum"
,simple,SRV-CTM-0423,Personalización de Plataforma para Minoristas,1,Personalización de plataforma para minoristas.,Personalización de plataforma para minoristas.,1,190000,Servicios > Soluciones por Industria,"servicio,clientum"
,simple,SRV-CTM-0427,Soluciones por Industria,1,Soluciones de ia para el sector retail.,Soluciones de ia para el sector retail.,1,170000,Servicios > Soluciones por Industria,"servicio,clientum"
,simple,SRV-CTM-0432,Asesoría de Diseño de Interiores,1,Orientación experta para mejorar el diseño y estética del hogar.,Orientación experta para mejorar el diseño y estética del hogar.,1,150000,Servicios > Soluciones por Industria,"servicio,clientum"
,simple,SRV-CTM-0438,Gestión de Cultivos,1,Gestión de cultivos.,Gestión de cultivos.,1,315000,Servicios > Soluciones por Industria,"servicio,clientum"
,simple,SRV-CTM-0490,Integración Facebook & Instagram Ads,1,Sincronización instantánea de formularios de leads (lead ads) para que impacten en tiempo real en las columnas de tu embudo comercial.,Sincronización instantánea de formularios de leads (lead ads) para que impacten en tiempo real en las columnas de tu embudo comercial.,1,100000,Servicios > Integraciones,"servicio,clientum"
,simple,SRV-CTM-0491,Integración WooCommerce & Shopify,1,"Sincronización bidireccional en tiempo real de productos, precios, stock unificado y recuperación automatizada de carritos abandonados.","Sincronización bidireccional en tiempo real de productos, precios, stock unificado y recuperación automatizada de carritos abandonados.",1,205000,Servicios > Integraciones,"servicio,clientum"
,simple,SRV-CTM-0492,Integración AFIP Facturación,1,"Emisión y envío automático de facturas electrónicas A, b o c asociadas directamente con cada transacción ganada en tu CRM.","Emisión y envío automático de facturas electrónicas A, b o c asociadas directamente con cada transacción ganada en tu CRM.",1,235000,Servicios > Integraciones,"servicio,clientum"
,simple,SRV-CTM-0493,Integración MercadoPago & Stripe,1,Generación dinámica de links de pago desde el bot conversacional de whatsapp y conciliación inmediata en tu libro diario contable.,Generación dinámica de links de pago desde el bot conversacional de whatsapp y conciliación inmediata en tu libro diario contable.,1,155000,Servicios > Integraciones,"servicio,clientum"
,simple,SRV-CTM-0494,Integración ERPs Tradicionales (Tango / Bejerman),1,"Sincronizador inteligente vía API REST y servicios locales de base de datos para control de stock mayorista, listas de precios avanzadas y compras.","Sincronizador inteligente vía API REST y servicios locales de base de datos para control de stock mayorista, listas de precios avanzadas y compras.",1,500000,Servicios > Integraciones,"servicio,clientum"
,simple,PLN-inicial,Plan Inicial,1,Para emprendedores y pequeños negocios.,Para emprendedores y pequeños negocios. Web: Landing page responsiva | CRM/ERP: Embudo básico (200 cont.) | Seguridad: Respaldos mensuales | IA & BI: Bot de bienvenida fijo,1,15000,Planes > Suscripción mensual,"plan,suscripcion,clientum"
,simple,PLN-pyme,Plan PyME,1,Para comercios con ventas activas.,Para comercios con ventas activas. Web: Tienda online estándar | CRM/ERP: Stock + AFIP (1.000 cont.) | Seguridad: Cifrado de base de datos | IA & BI: Bot WhatsApp con FAQs,1,20000,Planes > Suscripción mensual,"plan,suscripcion,clientum"
,simple,PLN-pro,Plan Pro,1,"Para automatizar con IA, bots y facturación.","Para automatizar con IA, bots y facturación. Web: E-Commerce premium total | CRM/ERP: Multi-embudo ilimitado | Seguridad: Auditorías de software | IA & BI: Agente IA & BI avanzado",1,30000,Planes > Suscripción mensual,"plan,suscripcion,clientum"
,simple,PLN-corporativo,Plan Corporativo,1,Para empresas con múltiples canales activos.,Para empresas con múltiples canales activos. Web: Portal B2B + Web integral | CRM/ERP: Pipeline multi-sucursal | Seguridad: Hardening y firewall | IA & BI: Analítica predictiva & bots,1,50000,Planes > Suscripción mensual,"plan,suscripcion,clientum"
,simple,PLN-especializado,Plan Especializado,1,Infraestructura y desarrollos a medida.,Infraestructura y desarrollos a medida. Web: Apps web & mobile infinitas | CRM/ERP: Integraciones ERP legacy | Seguridad: SOC activo 24/7 dedicado | IA & BI: Modelos LLM corporativos,1,80000,Planes > Suscripción mensual,"plan,suscripcion,clientum"
,simple,CRS-1136,Crea tu Tienda Online ¡YA! con Woocommerce,1,Vende más que nunca y despídete del trabajo tradicional.,Vende más que nunca y despídete del trabajo tradicional.,1,0,Cursos > Campus Virtual,"curso,capacitacion,clientum"
,simple,CRS-1137,Automatiza tu Negocio y Multiplica tu Tiempo Libre,1,"¡Adiós al estrés, hola a la eficiencia y la productividad!","¡Adiós al estrés, hola a la eficiencia y la productividad!",1,0,Cursos > Campus Virtual,"curso,capacitacion,clientum"
,simple,CRS-1138,Dolibarr ERP/CRM,1,Gestiona tu empresa como un CEO y domina tus finanzas al 100%.,Gestiona tu empresa como un CEO y domina tus finanzas al 100%.,1,0,Cursos > Campus Virtual,"curso,capacitacion,clientum"
,simple,CRS-1139,Zapier e Integromat,1,"Conecta tus apps favoritas, automatiza tareas y trabaja como un ninja.","Conecta tus apps favoritas, automatiza tareas y trabaja como un ninja.",1,0,Cursos > Campus Virtual,"curso,capacitacion,clientum"
,simple,CRS-1140,SEO Avanzado,1,Posiciona tu web en el TOP de Google y recibe miles de visitas sin esfuerzo.,Posiciona tu web en el TOP de Google y recibe miles de visitas sin esfuerzo.,1,0,Cursos > Campus Virtual,"curso,capacitacion,clientum"
,simple,CRS-1141,Ciberseguridad para Pymes,1,Protege tu negocio de hackers y duerme tranquilo por la noche.,Protege tu negocio de hackers y duerme tranquilo por la noche.,1,0,Cursos > Campus Virtual,"curso,capacitacion,clientum"
,simple,CRS-1142,Comunicación Empresarial Efectiva,1,"Domina el arte de hablar en público, convence a tus clientes y logra tus objetivos.","Domina el arte de hablar en público, convence a tus clientes y logra tus objetivos.",1,0,Cursos > Campus Virtual,"curso,capacitacion,clientum"
,simple,CRS-1143,Ventas Ninja,1,"Aprende a vender como un profesional, aumenta tus ingresos al máximo y alcanza la libertad financiera.","Aprende a vender como un profesional, aumenta tus ingresos al máximo y alcanza la libertad financiera.",1,0,Cursos > Campus Virtual,"curso,capacitacion,clientum"
,simple,CRS-1144,Gestiona tu Tiempo y Multiplica tu Productividad,1,"¡Haz más en menos tiempo, conquista tus metas y disfruta de la vida!","¡Haz más en menos tiempo, conquista tus metas y disfruta de la vida!",1,0,Cursos > Campus Virtual,"curso,capacitacion,clientum"
,simple,CRS-1145,Inteligencia Emocional para el Éxito,1,"Desarrolla tu potencial, alcanza el éxito personal y profesional, y vive una vida plena.","Desarrolla tu potencial, alcanza el éxito personal y profesional, y vive una vida plena.",1,0,Cursos > Campus Virtual,"curso,capacitacion,clientum"
,simple,CRS-1146,Liderazgo Inspirador,1,"Conviértete en un líder que motiva, guía equipos hacia el éxito y crea un ambiente de trabajo excepcional.","Conviértete en un líder que motiva, guía equipos hacia el éxito y crea un ambiente de trabajo excepcional.",1,0,Cursos > Campus Virtual,"curso,capacitacion,clientum"
,simple,CRS-1147,Negociación Ganadora,1,"Domina el arte de negociar, consigue acuerdos que te beneficien y alcanza tus objetivos.","Domina el arte de negociar, consigue acuerdos que te beneficien y alcanza tus objetivos.",1,0,Cursos > Campus Virtual,"curso,capacitacion,clientum"
,simple,CRS-1148,Apps Móviles Rentables,1,"Crea apps que enamoran a los usuarios, generan ingresos y te convierten en un desarrollador codiciado.","Crea apps que enamoran a los usuarios, generan ingresos y te convierten en un desarrollador codiciado.",1,0,Cursos > Campus Virtual,"curso,capacitacion,clientum"
,simple,CRS-1149,Programación Web con Python,1,"Conviértete en un desarrollador web codiciado, crea sitios web increíbles y trabaja desde cualquier lugar.","Conviértete en un desarrollador web codiciado, crea sitios web increíbles y trabaja desde cualquier lugar.",1,0,Cursos > Campus Virtual,"curso,capacitacion,clientum"
,simple,CRS-1150,Automatiza tu Ecommerce y Dispara tus Ventas,1,¡Vende más sin trabajar más y disfruta de tu tiempo libre!,¡Vende más sin trabajar más y disfruta de tu tiempo libre!,1,0,Cursos > Campus Virtual,"curso,capacitacion,clientum"
,simple,CRS-1151,Finanzas para Emprendedores,1,"Toma el control de tus finanzas, lleva tu negocio al siguiente nivel y alcanza la estabilidad financiera.","Toma el control de tus finanzas, lleva tu negocio al siguiente nivel y alcanza la estabilidad financiera.",1,0,Cursos > Campus Virtual,"curso,capacitacion,clientum"
,simple,CRS-1152,Comunícate como un Profesional,1,"Mejora tus habilidades de comunicación, alcanza tus metas y conviértete en un comunicador efectivo.","Mejora tus habilidades de comunicación, alcanza tus metas y conviértete en un comunicador efectivo.",1,0,Cursos > Campus Virtual,"curso,capacitacion,clientum"
,simple,CRS-1153,Gestión de Proyectos Innovadores,1,"Haz realidad tus ideas, crea proyectos que impacten y transforma el mundo.","Haz realidad tus ideas, crea proyectos que impacten y transforma el mundo.",1,0,Cursos > Campus Virtual,"curso,capacitacion,clientum"
,simple,CRS-1154,Talento Humano para Pymes,1,"Atrae, retiene y desarrolla talento humano de alto rendimiento, y construye un equipo ganador.","Atrae, retiene y desarrolla talento humano de alto rendimiento, y construye un equipo ganador.",1,0,Cursos > Campus Virtual,"curso,capacitacion,clientum"
,simple,CRS-1155,Estrategias de Negocios Ganadoras,1,"Crea planes infalibles, lleva tu negocio al éxito y alcanza la cima del mercado.","Crea planes infalibles, lleva tu negocio al éxito y alcanza la cima del mercado.",1,0,Cursos > Campus Virtual,"curso,capacitacion,clientum"
,simple,CRS-1156,Finanzas Empresariales para Pymes,1,"Domina el mundo de las finanzas, toma decisiones inteligentes y lleva tu negocio a la prosperidad.","Domina el mundo de las finanzas, toma decisiones inteligentes y lleva tu negocio a la prosperidad.",1,0,Cursos > Campus Virtual,"curso,capacitacion,clientum"
,simple,CRS-1157,Calidad Garantizada,1,Implementa un sistema de gestión de calidad que te diferenciará de la competencia y te convertirá en un referente.,Implementa un sistema de gestión de calidad que te diferenciará de la competencia y te convertirá en un referente.,1,0,Cursos > Campus Virtual,"curso,capacitacion,clientum"
,simple,CRS-1321,Marketing Digital para Principiantes,1,,,1,0,Cursos > Campus Virtual,"curso,capacitacion,clientum"
,simple,CRS-1330,Creación de Tienda Online con Woocommerce,1,,,1,0,Cursos > Campus Virtual,"curso,capacitacion,clientum"
,simple,CRS-1331,Automatización de Procesos Empresariales,1,,,1,0,Cursos > Campus Virtual,"curso,capacitacion,clientum"
,simple,CRS-1334,Gestión Financiera Empresarial,1,,,1,0,Cursos > Campus Virtual,"curso,capacitacion,clientum"
,simple,CRS-1335,Estrategias de Negocios,1,,,1,0,Cursos > Campus Virtual,"curso,capacitacion,clientum"
,simple,CRS-1336,Finanzas Empresariales,1,,,1,0,Cursos > Campus Virtual,"curso,capacitacion,clientum"
,simple,CRS-1337,Innovación Empresarial,1,,,1,0,Cursos > Campus Virtual,"curso,capacitacion,clientum"
,simple,CRS-1338,Ecommerce para Pymes en Argentina,1,,,1,0,Cursos > Campus Virtual,"curso,capacitacion,clientum"
,simple,CRS-1339,ERP para Pymes,1,,,1,0,Cursos > Campus Virtual,"curso,capacitacion,clientum"
,simple,CRS-1340,Gestión de Proyectos para Pymes,1,,,1,0,Cursos > Campus Virtual,"curso,capacitacion,clientum"
,simple,CRS-1341,WooCommerce (Plataforma de Comercio Electrónico),1,,,1,0,Cursos > Campus Virtual,"curso,capacitacion,clientum"
,simple,CRS-19826,Sales Training: Practical Sales Techniques,1,"Sales is all about listening to people and prescribing a solution. In every job you'll come across sales moments, whether you're selling yourself in a job interview or selling products to customers -","Sales is all about listening to people and prescribing a solution. In every job you'll come across sales moments, whether you're selling yourself in a job interview or selling products to customers -",1,0,Cursos > Campus Virtual,"curso,capacitacion,clientum"
,simple,CRS-19894,Marketing de Contenidos,1,,,1,0,Cursos > Campus Virtual,"curso,capacitacion,clientum"
,simple,CRS-19895,Marketing Digital,1,,,1,0,Cursos > Campus Virtual,"curso,capacitacion,clientum"
,simple,CRS-19896,Marketing en LinkedIn,1,,,1,0,Cursos > Campus Virtual,"curso,capacitacion,clientum"
,simple,CRS-19897,Marketing en Redes Sociales,1,,,1,0,Cursos > Campus Virtual,"curso,capacitacion,clientum"
,simple,CRS-19898,Marketing por Correo Electrónico,1,,,1,0,Cursos > Campus Virtual,"curso,capacitacion,clientum"
,simple,CRS-19899,Publicidad Online,1,,,1,0,Cursos > Campus Virtual,"curso,capacitacion,clientum"
,simple,CRS-19900,Wordpress (CMS),1,,,1,0,Cursos > Campus Virtual,"curso,capacitacion,clientum"
,simple,CRS-19902,Desarrollo de Habilidades de Ventas,1,,,1,0,Cursos > Campus Virtual,"curso,capacitacion,clientum"
,simple,CRS-19903,Gestión del Tiempo y Productividad,1,,,1,0,Cursos > Campus Virtual,"curso,capacitacion,clientum"
,simple,CRS-19904,Inteligencia Emocional,1,,,1,0,Cursos > Campus Virtual,"curso,capacitacion,clientum"
,simple,CRS-19905,Liderazgo y Gestión,1,,,1,0,Cursos > Campus Virtual,"curso,capacitacion,clientum"
,simple,CRS-19906,Negociación,1,,,1,0,Cursos > Campus Virtual,"curso,capacitacion,clientum"
,simple,CRS-19907,Comunicación Empresarial,1,,,1,0,Cursos > Campus Virtual,"curso,capacitacion,clientum"
,simple,CRS-19908,Habilidades de Comunicación,1,,,1,0,Cursos > Campus Virtual,"curso,capacitacion,clientum"
,simple,CRS-19911,Desarrollo de Aplicaciones Móviles,1,,,1,0,Cursos > Campus Virtual,"curso,capacitacion,clientum"
,simple,CRS-19913,Automatización de Ecommerce,1,,,1,0,Cursos > Campus Virtual,"curso,capacitacion,clientum"
,simple,CRS-19914,Gestión de Proyectos Ágiles,1,,,1,0,Cursos > Campus Virtual,"curso,capacitacion,clientum"
,simple,CRS-19915,Gestión de Proyectos,1,,,1,0,Cursos > Campus Virtual,"curso,capacitacion,clientum"
,simple,CRS-19917,Gestión de Talento Humano,1,,,1,0,Cursos > Campus Virtual,"curso,capacitacion,clientum"
,simple,CRS-19918,Gestión de Recursos Humanos para Pymes,1,,,1,0,Cursos > Campus Virtual,"curso,capacitacion,clientum"
,simple,CRS-19920,Seguridad en Línea para Pymes,1,,,1,0,Cursos > Campus Virtual,"curso,capacitacion,clientum"
,simple,CRS-19980,Gestiona tus Proyectos como un Experto,1,"Domina las mejores prácticas, lleva tus proyectos al éxito y conviértete en un gestor de proyectos reconocido.","Domina las mejores prácticas, lleva tus proyectos al éxito y conviértete en un gestor de proyectos reconocido.",1,0,Cursos > Campus Virtual,"curso,capacitacion,clientum"
,simple,CRS-19981,Recursos Humanos Eficientes para Pymes,1,"Gestiona tu personal de manera efectiva, optimiza tu negocio y alcanza la excelencia.","Gestiona tu personal de manera efectiva, optimiza tu negocio y alcanza la excelencia.",1,0,Cursos > Campus Virtual,"curso,capacitacion,clientum"
,simple,CRS-19983,CRM para Pymes,1,"Conoce a tus clientes a fondo, fideliza a los más valiosos y aumenta tus ventas exponencialmente.","Conoce a tus clientes a fondo, fideliza a los más valiosos y aumenta tus ventas exponencialmente.",1,0,Cursos > Campus Virtual,"curso,capacitacion,clientum"
,simple,CRS-19984,Ecommerce para Pymes Argentinas,1,"Crea tu tienda online, conquista el mercado argentino y alcanza el éxito en el comercio electrónico.","Crea tu tienda online, conquista el mercado argentino y alcanza el éxito en el comercio electrónico.",1,0,Cursos > Campus Virtual,"curso,capacitacion,clientum"
,simple,SOL-chatbot,Chatbot WhatsApp,1,"Tu negocio atiende solo, las 24 horas.","Tu negocio atiende solo, las 24 horas.",1,350000,Soluciones > Plataforma,"solucion,plataforma,clientum"
,simple,SOL-crm_inteligente,CRM Inteligente,1,Nunca más perdas una venta.,Nunca más perdas una venta.,1,600000,Soluciones > Plataforma,"solucion,plataforma,clientum"
,simple,SOL-asistente_ia,Asistente IA,1,"Tu analista de negocio, siempre disponible.","Tu analista de negocio, siempre disponible.",1,800000,Soluciones > Plataforma,"solucion,plataforma,clientum"
,simple,SOL-reportes,Reportes Automáticos,1,Dashboards en tiempo real para decisiones basadas en datos.,Dashboards en tiempo real para decisiones basadas en datos.,1,500000,Soluciones > Plataforma,"solucion,plataforma,clientum"
,simple,SOL-automatizacion,Automatización,1,Hacé más con menos esfuerzo.,Hacé más con menos esfuerzo.,1,550000,Soluciones > Plataforma,"solucion,plataforma,clientum"
,simple,SOL-portal_cliente,Portal del Cliente,1,Tus clientes se autoatienden.,Tus clientes se autoatienden.,1,450000,Soluciones > Plataforma,"solucion,plataforma,clientum"
,simple,SOL-desarrollo_web,Desarrollo Web,1,"Tu presencia web, conectada al CRM.","Tu presencia web, conectada al CRM.",1,900000,Soluciones > Plataforma,"solucion,plataforma,clientum"
,simple,SOL-integraciones,Integraciones,1,"WhatsApp, AFIP, MercadoPago, Gmail y más de 50 servicios.","WhatsApp, AFIP, MercadoPago, Gmail y más de 50 servicios.",1,500000,Soluciones > Plataforma,"solucion,plataforma,clientum"
,simple,SOL-catalogo,Catálogo Completo,1,425 servicios en 14 categorías con precios reales.,425 servicios en 14 categorías con precios reales.,1,350000,Soluciones > Plataforma,"solucion,plataforma,clientum"
,simple,SOL-consultoria_erp,Consultoría & ERP,1,"Auditoría de procesos, ERP personalizado y hoja de ruta.","Auditoría de procesos, ERP personalizado y hoja de ruta.",1,700000,Soluciones > Plataforma,"solucion,plataforma,clientum"
